symbol,interval,start_str,timelag,model,rows,split_mode,test_size,class_weight,label_mode,ret_bps,accuracy,precision,recall,f1,auc,confusion_matrix,best_threshold,trades,hit_rate,avg_net_ret_per_bar,avg_net_ret_per_trade,total_net_return,sharpe_like,deflated_sharpe,sortino_like,cost_roundtrip,r2,mae_bps,rmse_bps,mape_pct
BTCUSDT,4h,120 days ago UTC,16,linreg,673,time,0.2,,return_bps,0.0,,,,,,[],46.0,3,,36.170756405591,,108.51226921677299,2.2935428217248046,0.9247627107442389,,0.0023,-0.3703824816814896,67.7274768957076,91.38353132944259,267.65504119490174
BTCUSDT,4h,120 days ago UTC,16,linreg,673,time,0.2,,return_bps,0.0,,,,,,[],46.0,3,,36.170756405591,,108.51226921677299,2.2935428217248046,0.9247627107442389,,0.0023,-0.3704162092320076,67.7299392725337,91.38500819580287,267.5373941783311
BTCUSDT,4h,120 days ago UTC,16,rf_reg,673,time,0.2,,return_bps,0.0,,,,,,[],26.0,24,,-1.9743971153374582,,-47.385530768098995,-0.04586910322538121,0.019647532439738102,-0.1269129785245653,0.0023,-0.5617037465977914,78.42047209992135,97.55169847988057,396.18648615529276
BTCUSDT,4h,120 days ago UTC,16,hgb_reg,673,time,0.2,,return_bps,0.0,,,,,,[],59.0,5,,-23.30135820970756,,-116.50679104853779,-2.202826067417161,0.0,-2.202826067417161,0.0023,-0.19723678013058832,64.57282017227362,85.41885951350108,264.3815845307179
BTCUSDT,4h,120 days ago UTC,16,svr,673,time,0.2,,return_bps,0.0,,,,,,[],0.0,0,,,,0.0,,,,0.0023,-0.0001394460886441351,54.8239915858082,78.07542697624126,97.3847966469295
BTCUSDT,4h,120 days ago UTC,16,hgb_reg,673,time,0.2,,return_bps,0.0,,,,,,[],59.0,5,,-23.30135820970756,,-116.50679104853779,-2.202826067417161,0.0,-2.202826067417161,0.0023,-0.1971270372061642,64.60753968552135,85.42203326446509,264.4952044376224
BTCUSDT,4h,120 days ago UTC,16,hgb_reg,673,time,0.2,,return_bps,0.0,,,,,,[],59.0,5,,-23.30135820970756,,-116.50679104853779,-2.202826067417161,0.0,-2.202826067417161,0.0023,-0.1970620832363188,64.62673974482576,85.42460028900952,264.53496915723014
BTCUSDT,4h,120 days ago UTC,16,hgb_reg,673,time,0.2,,return_bps,0.0,,,,,,[],59.0,5,,-23.30135820970756,,-116.50679104853779,-2.202826067417161,0.0,-2.202826067417161,0.0023,-0.19731298389087337,64.54662825877098,85.41771660192425,264.2176626990673
BTCUSDT,4h,120 days ago UTC,16,hgb_reg,673,time,0.2,,return_bps,0.0,,,,,,[],59.0,5,,-23.30135820970756,,-116.50679104853779,-2.202826067417161,0.0,-2.202826067417161,0.0023,-0.19732732259358676,64.54147022731422,85.41761836173998,264.16895181370165
BTCUSDT,4h,120 days ago UTC,16,hgb_reg,673,time,0.2,,return_bps,0.0,,,,,,[],59.0,5,,-23.30135820970756,,-116.50679104853779,-2.202826067417161,0.0,-2.202826067417161,0.0023,-0.19733946800983726,64.53703794902731,85.41756728587454,264.120072674457
BTCUSDT,4h,120 days ago UTC,16,hgb_reg,673,time,0.2,,return_bps,0.0,,,,,,[],59.0,5,,-23.30135820970756,,-116.50679104853779,-2.202826067417161,0.0,-2.202826067417161,0.0023,-0.19733499456329318,64.53867737359833,85.41758258654667,264.1390108939256
BTCUSDT,4h,120 days ago UTC,16,arima,673,time,0.2,,return_bps,0.0,,,,,,[],0.0,0,,,,0.0,,,,0.0023,-0.0005046619840716193,54.7454269557744,78.08000722834875,98.05952283218508
BTCUSDT,8h,120 days ago UTC,16,linreg,313,time,0.2,,return_bps,0.0,,,,,,[],0.0,1,,-101.25769503586044,,-101.25769503586044,-101257695035.86043,,-101257695035.86043,0.0023,-0.8512766629285995,133.14882617159708,164.88970302206374,578.7652327770924
BTCUSDT,8h,120 days ago UTC,16,linreg,313,time,0.2,,return_bps,0.0,,,,,,[],0.0,1,,-101.25769503586044,,-101.25769503586044,-101257695035.86043,,-101257695035.86043,0.0023,-0.8502363475990122,133.0767002697432,164.83904659967305,587.8377258152265
BTCUSDT,8h,120 days ago UTC,16,rf_reg,313,time,0.2,,return_bps,0.0,,,,,,[],0.0,8,,9.378050103828993,,75.02440083063195,0.13946319983384586,0.07753971191327041,0.5511305686476339,0.0023,-0.3154820628587891,110.1772648561687,138.9913561920769,443.3468112306722
BTCUSDT,8h,120 days ago UTC,16,hgb_reg,313,time,0.2,,return_bps,0.0,,,,,,[],1.0,12,,30.842985729438684,,370.1158287532642,0.4523522117691782,0.1837556144880354,1.8125849271071843,0.0023,-0.137733012138737,98.4388033864539,129.26071696146445,411.79248786404787
BTCUSDT,8h,120 days ago UTC,16,svr,313,time,0.2,,return_bps,0.0,,,,,,[],0.0,0,,,,0.0,,,,0.0023,-0.0014043631313012117,86.82851247410447,121.26947088335638,128.8040404892361
BTCUSDT,8h,120 days ago UTC,16,hgb_reg,313,time,0.2,,return_bps,0.0,,,,,,[],1.0,12,,30.842985729438684,,370.1158287532642,0.4523522117691782,0.1837556144880354,1.8125849271071843,0.0023,-0.13774091058807314,98.44264076453311,129.26127309513456,411.70927461716803
BTCUSDT,8h,120 days ago UTC,16,hgb_reg,313,time,0.2,,return_bps,0.0,,,,,,[],1.0,12,,30.842985729438684,,370.1158287532642,0.4523522117691782,0.1837556144880354,1.8125849271071843,0.0023,-0.13776643489147555,98.45509123574632,129.26312610218585,411.4726908850527
BTCUSDT,8h,120 days ago UTC,16,hgb_reg,313,time,0.2,,return_bps,0.0,,,,,,[],1.0,12,,30.842985729438684,,370.1158287532642,0.4523522117691782,0.1837556144880354,1.8125849271071843,0.0023,-0.13767291961879757,98.40984098547648,129.2567473276492,412.65896729948554
BTCUSDT,8h,120 days ago UTC,16,hgb_reg,313,time,0.2,,return_bps,0.0,,,,,,[],1.0,12,,30.842985729438684,,370.1158287532642,0.4523522117691782,0.1837556144880354,1.8125849271071843,0.0023,-0.13768259479282796,98.41447665023638,129.25735566165028,412.4832188798084
BTCUSDT,8h,120 days ago UTC,16,hgb_reg,313,time,0.2,,return_bps,0.0,,,,,,[],1.0,12,,30.842985729438684,,370.1158287532642,0.4523522117691782,0.1837556144880354,1.8125849271071843,0.0023,-0.13768755549204847,98.41685750524901,129.257672104393,412.39973525598526
BTCUSDT,8h,120 days ago UTC,16,hgb_reg,313,time,0.2,,return_bps,0.0,,,,,,[],1.0,12,,30.842985729438684,,370.1158287532642,0.4523522117691782,0.1837556144880354,1.8125849271071843,0.0023,-0.13744725063754104,98.30450915871083,129.245702226011,421.72952584887975
BTCUSDT,8h,120 days ago UTC,16,arima,313,time,0.2,,return_bps,0.0,,,,,,[],0.0,0,,,,0.0,,,,0.0023,-0.000135475032128074,86.96849682858253,121.19514262890658,112.12099501152059
BTCUSDT,1d,120 days ago UTC,16,linreg,73,time,0.2,,return_bps,0.0,,,,,,[],0.0,0,,,,0.0,,,,0.0023,-26.151897207988874,1288.1725058512918,1432.5480275258299,13474.369147112378
BTCUSDT,1d,120 days ago UTC,16,linreg,73,time,0.2,,return_bps,0.0,,,,,,[],0.0,0,,,,0.0,,,,0.0023,-26.150927998786543,1288.1581787061277,1432.5257738476944,12035.191245395887
BTCUSDT,1d,120 days ago UTC,16,rf_reg,73,time,0.2,,return_bps,0.0,,,,,,[],0.0,0,,,,0.0,,,,0.0023,-0.04763295563868608,234.84492367029247,281.39977127956166,447.6275691735424
BTCUSDT,1d,120 days ago UTC,16,hgb_reg,73,time,0.2,,return_bps,0.0,,,,,,[],0.0,0,,,,0.0,,,,0.0023,0.08801218830843616,214.26420652014122,262.5423376621072,2168.220722961036
BTCUSDT,1d,120 days ago UTC,16,svr,73,time,0.2,,return_bps,0.0,,,,,,[],0.0,0,,,,0.0,,,,0.0023,-0.0009781377136333091,198.87441792945086,275.05836701923283,104.77462360931979
BTCUSDT,1d,120 days ago UTC,16,hgb_reg,73,time,0.2,,return_bps,0.0,,,,,,[],0.0,0,,,,0.0,,,,0.0023,0.08876782425068908,214.07559678661372,262.4417440547229,475.5724536720046
BTCUSDT,1d,120 days ago UTC,16,hgb_reg,73,time,0.2,,return_bps,0.0,,,,,,[],0.0,0,,,,0.0,,,,0.0023,0.08952256635480316,213.88667694171892,262.34284947266394,328.3095176896246
BTCUSDT,1d,120 days ago UTC,16,hgb_reg,73,time,0.2,,return_bps,0.0,,,,,,[],0.0,0,,,,0.0,,,,0.0023,0.090329414097578,213.6841121966677,262.2388875173838,270.75868710787734
BTCUSDT,1d,120 days ago UTC,16,hgb_reg,73,time,0.2,,return_bps,0.0,,,,,,[],0.0,0,,,,0.0,,,,0.0023,0.09032990741730251,213.68398815212086,262.2388245127203,270.73503844639356
BTCUSDT,1d,120 days ago UTC,16,hgb_reg,73,time,0.2,,return_bps,0.0,,,,,,[],0.0,0,,,,0.0,,,,0.0023,0.0911216904733223,213.48458654301496,262.13858735656794,242.02052036674542
BTCUSDT,1d,120 days ago UTC,16,hgb_reg,73,time,0.2,,return_bps,0.0,,,,,,[],0.0,0,,,,0.0,,,,0.0023,0.09295860461509386,213.01954353677053,261.91292438709456,209.79995263069776
BTCUSDT,1d,120 days ago UTC,16,arima,73,time,0.2,,return_bps,0.0,,,,,,[],0.0,0,,,,0.0,,,,0.0023,0.0024127241577517333,199.487116439293,274.6898672613121,97.1791700614013
BTCUSDT,4h,365 days ago UTC,16,linreg,2046,time,0.2,,return_bps,0.0,,,,,,[],55.0,10,,9.856626792579615,,98.56626792579615,0.14547111683337777,0.3368594482254941,0.42980519984693955,0.0023,-0.27046501521630484,58.595642476831244,77.67609897247358,791.3592445250441
BTCUSDT,4h,365 days ago UTC,16,linreg,2046,time,0.2,,return_bps,0.0,,,,,,[],55.0,10,,9.856626792579615,,98.56626792579615,0.14547111683337777,0.3368594482254941,0.42980519984693955,0.0023,-0.27046305084141187,58.596313348561544,77.67620561865802,791.3600264364088
BTCUSDT,4h,365 days ago UTC,16,rf_reg,2046,time,0.2,,return_bps,0.0,,,,,,[],43.0,7,,-25.588404534521317,,-179.11883174164922,-0.24859513343464093,0.11874888539514866,-0.48380958918431466,0.0023,-0.46510705744104586,60.6562250624401,83.41477038467112,391.507660141049
BTCUSDT,4h,365 days ago UTC,16,hgb_reg,2046,time,0.2,,return_bps,0.0,,,,,,[],54.0,9,,-25.079530014393626,,-225.71577012954262,-0.25838902539235037,0.09697716926755784,-0.4761859786236337,0.0023,-0.2655131658225329,56.36588795752209,77.52496825869162,290.98511595436105
BTCUSDT,4h,365 days ago UTC,16,svr,2046,time,0.2,,return_bps,0.0,,,,,,[],0.0,0,,,,0.0,,,,0.0023,-0.0009252903512548816,48.160177527757895,68.94891274555687,122.85146071940969
BTCUSDT,4h,365 days ago UTC,16,hgb_reg,2046,time,0.2,,return_bps,0.0,,,,,,[],54.0,9,,-25.079530014393626,,-225.71577012954262,-0.25838902539235037,0.09636921122813735,-0.4761859786236337,0.0023,-0.26570253771260566,56.37314016584713,77.53280202272603,290.8150551680532
BTCUSDT,4h,365 days ago UTC,16,hgb_reg,2046,time,0.2,,return_bps,0.0,,,,,,[],54.0,9,,-25.079530014393626,,-225.71577012954262,-0.25838902539235037,0.09647048919867923,-0.4761859786236337,0.0023,-0.26567093987708734,56.37192368008301,77.53146867551138,290.8396534587285
BTCUSDT,4h,365 days ago UTC,16,hgb_reg,2046,time,0.2,,return_bps,0.0,,,,,,[],54.0,9,,-25.079530014393626,,-225.71577012954262,-0.25838902539235037,0.09624974209711096,-0.4761859786236337,0.0023,-0.2657398384927039,56.37457956785075,77.53438975398893,290.78761203387285
BTCUSDT,4h,365 days ago UTC,16,hgb_reg,2046,time,0.2,,return_bps,0.0,,,,,,[],54.0,9,,-25.079530014393626,,-225.71577012954262,-0.25838902539235037,0.09555205762579355,-0.4761859786236337,0.0023,-0.26595830039260737,56.38308435314058,77.5439933250698,290.65478171693474
BTCUSDT,4h,365 days ago UTC,16,hgb_reg,2046,time,0.2,,return_bps,0.0,,,,,,[],54.0,9,,-25.079530014393626,,-225.71577012954262,-0.25838902539235037,0.095383880258811,-0.4761859786236337,0.0023,-0.26601113197473225,56.385160658685635,77.54639563741785,290.6283654362652
BTCUSDT,4h,365 days ago UTC,16,hgb_reg,2046,time,0.2,,return_bps,0.0,,,,,,[],54.0,9,,-25.079530014393626,,-225.71577012954262,-0.25838902539235037,0.09624798300408999,-0.4761859786236337,0.0023,-0.26574038794392796,56.37460079796879,77.53441325339932,290.7872199785946
BTCUSDT,4h,365 days ago UTC,16,arima,2046,time,0.2,,return_bps,0.0,,,,,,[],0.0,0,,,,0.0,,,,0.0023,-0.0018445633556281038,48.22321194409112,68.9798685282505,132.43193677251247
BTCUSDT,8h,365 days ago UTC,16,linreg,1023,time,0.2,,return_bps,0.0,,,,,,[],60.0,89,,-6.289732844835727,,-559.7862231903797,-0.07442145344419346,0.06066560967527851,-0.11223610981110854,0.0023,-0.7206325671135789,102.01391541490838,131.90975847336995,506.810182583825
BTCUSDT,8h,365 days ago UTC,16,linreg,1023,time,0.2,,return_bps,0.0,,,,,,[],60.0,89,,-6.245800168856723,,-555.8762150282483,-0.07391700188127372,0.061084072417310564,-0.11137756628773575,0.0023,-0.7202151806178096,101.99474870823128,131.889344798702,507.6327736645584
BTCUSDT,8h,365 days ago UTC,16,rf_reg,1023,time,0.2,,return_bps,0.0,,,,,,[],23.0,15,,19.137403234455473,,287.0610485168321,0.17444804683775542,0.5526256639951262,0.26299571404049715,0.0023,-0.18743834427397799,80.70218526793624,109.58014753917747,262.656820641713
BTCUSDT,8h,365 days ago UTC,16,hgb_reg,1023,time,0.2,,return_bps,0.0,,,,,,[],55.0,11,,11.498008558498535,,126.47809414348389,0.15662116187399772,0.1893341677821726,0.35955339417583615,0.0023,-0.25621718769286694,86.09962056533362,112.71070070952852,329.7164626734463
BTCUSDT,8h,365 days ago UTC,16,svr,1023,time,0.2,,return_bps,0.0,,,,,,[],0.0,0,,,,0.0,,,,0.0023,-0.0009557828917314826,72.8575507518716,100.61250746167471,105.9044899658594
BTCUSDT,8h,365 days ago UTC,16,hgb_reg,1023,time,0.2,,return_bps,0.0,,,,,,[],55.0,11,,11.498008558498535,,126.47809414348389,0.15662116187399772,0.1893341677821726,0.35955339417583615,0.0023,-0.2561576595816386,86.09348576890629,112.71063804029717,329.6827218973565
BTCUSDT,8h,365 days ago UTC,16,hgb_reg,1023,time,0.2,,return_bps,0.0,,,,,,[],55.0,11,,11.498008558498535,,126.47809414348389,0.15662116187399772,0.1893341677821726,0.35955339417583615,0.0023,-0.25624376876505117,86.10474105126134,112.71080517293507,329.747634019756
BTCUSDT,8h,365 days ago UTC,16,hgb_reg,1023,time,0.2,,return_bps,0.0,,,,,,[],55.0,11,,11.498008558498535,,126.47809414348389,0.15662116187399772,0.1893341677821726,0.35955339417583615,0.0023,-0.25624354889469547,86.10469848695607,112.71080410897919,329.74735997070985
BTCUSDT,8h,365 days ago UTC,16,hgb_reg,1023,time,0.2,,return_bps,0.0,,,,,,[],55.0,11,,11.498008558498535,,126.47809414348389,0.15662116187399772,0.1893341677821726,0.35955339417583615,0.0023,-0.25623021285987213,86.10212334648531,112.71074584000323,329.731258675842
BTCUSDT,8h,365 days ago UTC,16,hgb_reg,1023,time,0.2,,return_bps,0.0,,,,,,[],55.0,11,,11.498008558498535,,126.47809414348389,0.15662116187399772,0.1893341677821726,0.35955339417583615,0.0023,-0.25621345465530254,86.09890548500455,112.71068989747071,329.71238013205493
BTCUSDT,8h,365 days ago UTC,16,hgb_reg,1023,time,0.2,,return_bps,0.0,,,,,,[],55.0,11,,11.498008558498535,,126.47809414348389,0.15662116187399772,0.1893341677821726,0.35955339417583615,0.0023,-0.25627274049482685,86.11038082171376,112.71097514862156,329.7864491776229
BTCUSDT,8h,365 days ago UTC,16,arima,1023,time,0.2,,return_bps,0.0,,,,,,[],0.0,0,,,,0.0,,,,0.0023,-0.003018671263746331,72.83643275304105,100.71597990136503,112.83830516062974
BTCUSDT,1d,365 days ago UTC,16,linreg,318,time,0.2,,return_bps,0.0,,,,,,[],26.0,52,,-17.367761802836206,,-903.1236137474826,-0.08819274336132422,0.14825178318283316,-0.10760261047184856,0.0023,-0.8121462746525596,214.60368545251902,261.9199064640436,914.3976025629348
BTCUSDT,1d,365 days ago UTC,16,linreg,318,time,0.2,,return_bps,0.0,,,,,,[],26.0,52,,-17.367761802836206,,-903.1236137474826,-0.08819274336132422,0.14825178318283316,-0.10760261047184856,0.0023,-0.8121657154293276,214.60950176349485,261.92049293679776,914.4439521377351
BTCUSDT,1d,365 days ago UTC,16,rf_reg,318,time,0.2,,return_bps,0.0,,,,,,[],59.0,27,,27.065932814392767,,730.7801859886047,0.15457380511916421,0.5972447306899933,0.2175218284838515,0.0023,-0.05596545305473066,147.24029958088784,199.9413489058764,410.8994011617356
BTCUSDT,1d,365 days ago UTC,16,hgb_reg,318,time,0.2,,return_bps,0.0,,,,,,[],31.0,14,,89.43692140129703,,1252.1168996181584,0.6339612561358113,0.8597076226829249,4.0281330718105615,0.0023,-0.15058598831357917,164.7607752766881,208.70961068139206,491.8860596324213
BTCUSDT,1d,365 days ago UTC,16,svr,318,time,0.2,,return_bps,0.0,,,,,,[],0.0,0,,,,0.0,,,,0.0023,-0.0026697739015684174,139.765931648678,194.83963137473185,109.59285702386146
BTCUSDT,1d,365 days ago UTC,16,hgb_reg,318,time,0.2,,return_bps,0.0,,,,,,[],31.0,14,,89.43692140129703,,1252.1168996181584,0.6339612561358113,0.8597076226829249,4.0281330718105615,0.0023,-0.1507394433692486,164.98719792292215,208.76130086493288,491.66216967459303
BTCUSDT,1d,365 days ago UTC,16,hgb_reg,318,time,0.2,,return_bps,0.0,,,,,,[],31.0,14,,89.43692140129703,,1252.1168996181584,0.6339612561358113,0.8597076226829249,4.0281330718105615,0.0023,-0.1507402301690195,164.9884521511183,208.76163024582362,491.66134486191265
BTCUSDT,1d,365 days ago UTC,16,hgb_reg,318,time,0.2,,return_bps,0.0,,,,,,[],31.0,14,,89.43692140129703,,1252.1168996181584,0.6339612561358113,0.8597076226829249,4.0281330718105615,0.0023,-0.15073225232425314,164.9757858246094,208.75832564827698,491.6698170605067
BTCUSDT,1d,365 days ago UTC,16,hgb_reg,318,time,0.2,,return_bps,0.0,,,,,,[],31.0,14,,89.43692140129703,,1252.1168996181584,0.6339612561358113,0.8597076226829249,4.0281330718105615,0.0023,-0.15062591763312416,164.8165815400556,208.72091495393423,491.81234032968246
BTCUSDT,1d,365 days ago UTC,16,hgb_reg,318,time,0.2,,return_bps,0.0,,,,,,[],31.0,14,,89.43692140129703,,1252.1168996181584,0.6339612561358113,0.8597076226829249,4.0281330718105615,0.0023,-0.15061835228984655,164.80585857811442,208.71866996920693,491.82522074601724
BTCUSDT,1d,365 days ago UTC,16,hgb_reg,318,time,0.2,,return_bps,0.0,,,,,,[],31.0,14,,89.43692140129703,,1252.1168996181584,0.6339612561358113,0.8597076226829249,4.0281330718105615,0.0023,-0.1506699248647203,164.88045069897018,208.735005204658,491.7456295632629
BTCUSDT,1d,365 days ago UTC,16,arima,318,time,0.2,,return_bps,0.0,,,,,,[],0.0,0,,,,0.0,,,,0.0023,-0.010677213170234623,140.5891055715538,195.641594683801,137.2224523085784
BTCUSDT,4h,720 days ago UTC,16,linreg,4273,time,0.2,,return_bps,0.0,,,,,,[],3.0,1,,148.70781325404062,,148.70781325404062,148707813254.04062,,,0.0023,-0.05482103948722217,49.89565912772461,69.67586610671955,238.6330798906533
BTCUSDT,4h,720 days ago UTC,16,linreg,4273,time,0.2,,return_bps,0.0,,,,,,[],3.0,1,,148.70781325404062,,148.70781325404062,148707813254.04062,,,0.0023,-0.054848331712358256,49.891818830564304,69.67391663958746,238.63095563643904
BTCUSDT,4h,720 days ago UTC,16,rf_reg,4273,time,0.2,,return_bps,0.0,,,,,,[],28.0,17,,0.0083589930681335,,0.1421028821582695,8.656391818062709e-05,0.11935164579826801,0.00016538223249551651,0.0023,-0.18177138102829327,54.16884699495068,73.75359283654461,323.3672291960066
BTCUSDT,4h,720 days ago UTC,16,hgb_reg,4273,time,0.2,,return_bps,0.0,,,,,,[],46.0,9,,-16.89134263109454,,-152.02208367985085,-0.15117556791786796,0.11195275110552355,-0.31790453315180617,0.0023,-0.23012423309209495,55.2344608381509,75.23970623511742,308.7307106077835
BTCUSDT,4h,720 days ago UTC,16,svr,4273,time,0.2,,return_bps,0.0,,,,,,[],0.0,0,,,,0.0,,,,0.0023,-0.0006986462150955219,47.66796765044801,67.85909425670401,118.79316636915232
BTCUSDT,4h,720 days ago UTC,16,hgb_reg,4273,time,0.2,,return_bps,0.0,,,,,,[],46.0,9,,-16.89134263109454,,-152.02208367985085,-0.15117556791786796,0.11195275110552355,-0.31790453315180617,0.0023,-0.23021219466564746,55.22524493837303,75.23592196385832,308.72482412357755
BTCUSDT,4h,720 days ago UTC,16,hgb_reg,4273,time,0.2,,return_bps,0.0,,,,,,[],46.0,9,,-16.89134263109454,,-152.02208367985085,-0.15117556791786796,0.11195275110552355,-0.31790453315180617,0.0023,-0.23023073675487948,55.22320023686671,75.23521301101644,308.7231735854414
BTCUSDT,4h,720 days ago UTC,16,hgb_reg,4273,time,0.2,,return_bps,0.0,,,,,,[],46.0,9,,-16.89134263109454,,-152.02208367985085,-0.15117556791786796,0.11195275110552355,-0.31790453315180617,0.0023,-0.23015748151397863,55.23106486449047,75.23819961986779,308.7287912216475
BTCUSDT,4h,720 days ago UTC,16,hgb_reg,4273,time,0.2,,return_bps,0.0,,,,,,[],46.0,9,,-16.89134263109454,,-152.02208367985085,-0.15117556791786796,0.11195275110552355,-0.31790453315180617,0.0023,-0.2301228080562494,55.23460420111081,75.23977271672047,308.73078633381203
BTCUSDT,4h,720 days ago UTC,16,hgb_reg,4273,time,0.2,,return_bps,0.0,,,,,,[],46.0,9,,-16.89134263109454,,-152.02208367985085,-0.15117556791786796,0.11195275110552355,-0.31790453315180617,0.0023,-0.23010341559408842,55.236538075931804,75.2406923030012,308.7317699552265
BTCUSDT,4h,720 days ago UTC,16,hgb_reg,4273,time,0.2,,return_bps,0.0,,,,,,[],46.0,9,,-16.89134263109454,,-152.02208367985085,-0.15117556791786796,0.11195275110552355,-0.31790453315180617,0.0023,-0.23010088435600462,55.23678819854272,75.24081433933412,308.73189223706305
BTCUSDT,4h,720 days ago UTC,16,arima,4273,time,0.2,,return_bps,0.0,,,,,,[],0.0,0,,,,0.0,,,,0.0023,-0.002029091420876261,47.724812860157684,67.90757250105007,129.60320169103622
BTCUSDT,8h,720 days ago UTC,16,linreg,2113,time,0.2,,return_bps,0.0,,,,,,[],27.0,18,,-2.898203531025934,,-52.16766355846681,-0.036442644318913864,9.609960821926888e-05,-0.06038864690183039,0.0023,-0.07285189579657358,72.44576386717723,102.07881047474827,198.33832508179677
BTCUSDT,8h,720 days ago UTC,16,linreg,2113,time,0.2,,return_bps,0.0,,,,,,[],27.0,18,,-2.898203531025934,,-52.16766355846681,-0.036442644318913864,9.609960821926888e-05,-0.06038864690183039,0.0023,-0.07285834828530269,72.44868361713965,102.08040971498131,198.33562353327753
BTCUSDT,8h,720 days ago UTC,16,rf_reg,2113,time,0.2,,return_bps,0.0,,,,,,[],60.0,7,,10.775541807986428,,75.428792655905,0.08289977278485176,0.4563636299136239,0.19743304155852123,0.0023,-0.3032450110192282,78.22350283367396,112.50678817984502,210.35911718034637
BTCUSDT,8h,720 days ago UTC,16,hgb_reg,2113,time,0.2,,return_bps,0.0,,,,,,[],57.0,32,,-4.432714601797333,,-141.84686725751465,-0.04742474728015026,0.20982751942313083,-0.08016227563988751,0.0023,-0.35852327002655704,84.20233998877463,114.8680456459363,306.40123807846516
BTCUSDT,8h,720 days ago UTC,16,svr,2113,time,0.2,,return_bps,0.0,,,,,,[],0.0,0,,,,0.0,,,,0.0023,-0.002202116719910663,69.7765872709952,98.65743387630134,119.076774352173
BTCUSDT,8h,720 days ago UTC,16,hgb_reg,2113,time,0.2,,return_bps,0.0,,,,,,[],57.0,32,,-4.352205814481641,,-139.2705860634125,-0.04658802132286806,0.21076301580696205,-0.07862545188088807,0.0023,-0.35831310631463253,84.19623505703503,114.8562574108222,306.4758373356869
BTCUSDT,8h,720 days ago UTC,16,hgb_reg,2113,time,0.2,,return_bps,0.0,,,,,,[],57.0,32,,-4.378092360858185,,-140.0989555474619,-0.04685727230753823,0.2104619800545584,-0.07912033977065983,0.0023,-0.3583808094920904,84.19819801789771,114.86003295950499,306.4507553107927
BTCUSDT,8h,720 days ago UTC,16,hgb_reg,2113,time,0.2,,return_bps,0.0,,,,,,[],57.0,32,,-4.693588036665254,,-150.19481717328813,-0.05012213720364084,0.20681256670174525,-0.0850896650181474,0.0023,-0.3591962005899185,84.22212186061294,114.90717521038809,306.21411385558963
BTCUSDT,8h,720 days ago UTC,16,hgb_reg,2113,time,0.2,,return_bps,0.0,,,,,,[],57.0,32,,-4.753528687551842,,-152.11291800165895,-0.050738795072908065,0.20612370272291985,-0.08620898043348402,0.0023,-0.35934907331838706,84.22666712323942,114.91636711790778,306.17989695170706
BTCUSDT,8h,720 days ago UTC,16,hgb_reg,2113,time,0.2,,return_bps,0.0,,,,,,[],57.0,32,,-4.683114025238293,,-149.85964880762538,-0.05001425999461042,0.20693309565189844,-0.08489354721393293,0.0023,-0.35916942058827717,84.22132762277961,114.90557673114603,306.2203734184106
BTCUSDT,8h,720 days ago UTC,16,hgb_reg,2113,time,0.2,,return_bps,0.0,,,,,,[],57.0,32,,-4.756974800119753,,-152.2231936038321,-0.0507742114478628,0.20608414573845762,-0.08627317240906257,0.0023,-0.35935784241644986,84.22692843983225,114.91689786364527,306.17800893509866
BTCUSDT,8h,720 days ago UTC,16,arima,2113,time,0.2,,return_bps,0.0,,,,,,[],0.0,0,,,,0.0,,,,0.0023,-0.0038778550066569384,69.8349180637486,98.75308062007095,125.4139029021525
BTCUSDT,1d,720 days ago UTC,16,linreg,673,time,0.2,,return_bps,0.0,,,,,,[],46.0,70,,4.537213954128575,,317.6049767890002,0.029088932712632864,0.3047872432628682,0.046859360911408694,0.0023,-0.33795439721369536,150.30613988204462,199.98286981141447,376.6234708757039
BTCUSDT,1d,720 days ago UTC,16,linreg,673,time,0.2,,return_bps,0.0,,,,,,[],46.0,70,,4.537213954128575,,317.6049767890002,0.029088932712632864,0.3047872432628682,0.046859360911408694,0.0023,-0.33794957796713465,150.3057640455817,199.9826482961505,376.6207365679259
BTCUSDT,1d,720 days ago UTC,16,rf_reg,673,time,0.2,,return_bps,0.0,,,,,,[],35.0,3,,204.3451289746431,,613.0353869239293,1.284251614468355,0.03595020679257249,,0.0023,-0.13938993953966783,138.09075101313366,184.56032153583013,307.73661687912323
BTCUSDT,1d,720 days ago UTC,16,hgb_reg,673,time,0.2,,return_bps,0.0,,,,,,[],8.0,21,,37.79462136884917,,793.6870487458326,0.22681911757392462,0.6940282834290807,0.39846934219097124,0.0023,-0.2296244711728488,149.01153074924028,191.73584752893078,418.2699482508083
BTCUSDT,1d,720 days ago UTC,16,svr,673,time,0.2,,return_bps,0.0,,,,,,[],0.0,0,,,,0.0,,,,0.0023,-0.0011825612360139015,126.16973261875503,173.00029814426742,132.690200037445
BTCUSDT,1d,720 days ago UTC,16,hgb_reg,673,time,0.2,,return_bps,0.0,,,,,,[],8.0,21,,37.79462136884917,,793.6870487458326,0.22681911757392462,0.6940282834290807,0.39846934219097124,0.0023,-0.23031832569666433,149.0468593767555,191.77638741247222,418.6214159731811
BTCUSDT,1d,720 days ago UTC,16,hgb_reg,673,time,0.2,,return_bps,0.0,,,,,,[],8.0,21,,37.79462136884917,,793.6870487458326,0.22681911757392462,0.6940282834290807,0.39846934219097124,0.0023,-0.23032353497341607,149.04712505425516,191.77669555087334,418.6243113055525
BTCUSDT,1d,720 days ago UTC,16,hgb_reg,673,time,0.2,,return_bps,0.0,,,,,,[],8.0,21,,37.79462136884917,,793.6870487458326,0.22681911757392462,0.6940282834290807,0.39846934219097124,0.0023,-0.23036888833172187,149.04943839248386,191.7793806730382,418.64969728959574
BTCUSDT,1d,720 days ago UTC,16,hgb_reg,673,time,0.2,,return_bps,0.0,,,,,,[],8.0,21,,37.79462136884917,,793.6870487458326,0.22681911757392462,0.6940282834290807,0.39846934219097124,0.0023,-0.22980973822416217,149.02095258056954,191.7465747044833,418.3575979374356
BTCUSDT,1d,720 days ago UTC,16,hgb_reg,673,time,0.2,,return_bps,0.0,,,,,,[],8.0,21,,37.79462136884917,,793.6870487458326,0.22681911757392462,0.6940282834290807,0.39846934219097124,0.0023,-0.22986475210779211,149.02375191422445,191.74977370900547,418.38444262057334
BTCUSDT,1d,720 days ago UTC,16,hgb_reg,673,time,0.2,,return_bps,0.0,,,,,,[],8.0,21,,37.79462136884917,,793.6870487458326,0.22681911757392462,0.6940282834290807,0.39846934219097124,0.0023,-0.2296392576753148,149.01228242216615,191.73670108681387,418.2767922756085
BTCUSDT,1d,720 days ago UTC,16,arima,673,time,0.2,,return_bps,0.0,,,,,,[],0.0,0,,,,0.0,,,,0.0023,-0.00625855391697594,126.94568652924255,173.44436087628972,159.48358724114598
