symbol,interval,start_str,timelag,model,rows,split_mode,test_size,class_weight,label_mode,ret_bps,accuracy,precision,recall,f1,auc,confusion_matrix,best_threshold,trades,hit_rate,avg_net_ret_per_bar,avg_net_ret_per_trade,total_net_return,sharpe_like,sortino_like,cost_roundtrip,r2,mae_bps,mape_pct,log_loss
BTCUSDT,4h,120 days ago UTC,16,logreg,673,time,0.2,,direction,0.0,0.47761194029850745,0.47761194029850745,1.0,0.6464646464646465,0.5580357142857143,"[[0, 70], [0, 64]]",0.52,0,,0.0,,0.0,,,0.002,,,,0.6950387106091372
BTCUSDT,4h,120 days ago UTC,16,sgdlog,673,time,0.2,,direction,0.0,0.5223880597014925,0.0,0.0,0.0,0.44441964285714286,"[[70, 0], [64, 0]]",0.5,0,,0.0,,0.0,,,0.002,,,,1.1090766487863806
BTCUSDT,4h,120 days ago UTC,16,rf,673,time,0.2,,direction,0.0,0.4701492537313433,0.4533333333333333,0.53125,0.4892086330935252,0.46875,"[[29, 41], [30, 34]]",0.775,0,,0.0,,0.0,,,0.002,,,,0.7502292254142181
BTCUSDT,4h,120 days ago UTC,16,hgb,673,time,0.2,,direction,0.0,0.5074626865671642,0.49019607843137253,0.78125,0.6024096385542169,0.49241071428571426,"[[18, 52], [14, 50]]",0.9,35,0.2857142857142857,-0.0005774088878806996,-0.00221065117074325,-0.07504894212835678,-8.87625521605454,-0.5318567694263032,0.002,,,,1.056480062810822
BTCUSDT,4h,120 days ago UTC,16,linsvc,673,time,0.2,,direction,0.0,0.5223880597014925,0.0,0.0,0.0,0.44375000000000003,"[[70, 0], [64, 0]]",0.5,0,,0.0,,0.0,,,0.002,,,,1.1090760953516503
BTCUSDT,4h,120 days ago UTC,16,bilstm,658,time,0.2,,direction,0.0,0.4580152671755725,0.46534653465346537,0.734375,0.5696969696969697,0.458955223880597,"[[13, 54], [17, 47]]",0.855,5,0.4,-0.00018004981422658367,-0.004717305132736492,-0.023595172085138727,-4.021684819988554,-0.5151539754654776,0.002,,,,0.8328036051625403
BTCUSDT,4h,120 days ago UTC,16,gru_lstm,658,time,0.2,,direction,0.0,0.4351145038167939,0.40384615384615385,0.328125,0.3620689655172414,0.45359141791044777,"[[36, 31], [43, 21]]",0.72,1,1.0,2.0686419759441847e-05,0.002709920988486882,0.0027099209884868802,4.088710952355083,,0.002,,,,0.7308528868111673
BTCUSDT,4h,120 days ago UTC,16,hybrid_transformer,658,time,0.2,,direction,0.0,0.48854961832061067,0.4716981132075472,0.390625,0.42735042735042733,0.4631529850746269,"[[39, 28], [39, 25]]",0.79,1,1.0,1.9352264172589715e-05,0.0025351466066092527,0.002535146606609251,4.088710952355081,,0.002,,,,0.7421106531426723
BTCUSDT,4h,120 days ago UTC,16,voting_soft,673,time,0.2,,direction,0.0,0.5149253731343284,0.49473684210526314,0.734375,0.5911949685534591,0.48727678571428573,"[[22, 48], [17, 47]]",0.75,1,1.0,1.7288557441788477e-05,0.002316666697199656,0.002316666697199654,4.042682720927967,,0.002,,,,0.7509423550662889
BTCUSDT,4h,120 days ago UTC,16,stacking,673,time,0.2,,direction,0.0,0.5373134328358209,0.5121951219512195,0.65625,0.5753424657534246,0.5303571428571427,"[[30, 40], [22, 42]]",0.635,0,,0.0,,0.0,,,0.002,,,,0.6980619896976115
BTCUSDT,4h,120 days ago UTC,16,arima,673,time,0.2,,direction,0.0,0.47761194029850745,0.47761194029850745,1.0,0.6464646464646465,0.5357142857142858,"[[0, 70], [0, 64]]",0.635,0,,0.0,,0.0,,,0.002,,,,0.737673257371009
BTCUSDT,8h,120 days ago UTC,16,logreg,313,time,0.2,,direction,0.0,0.46774193548387094,0.46774193548387094,1.0,0.6373626373626373,0.522466039707419,"[[0, 33], [0, 29]]",0.555,0,,0.0,,0.0,,,0.002,,,,0.7062528659731472
BTCUSDT,8h,120 days ago UTC,16,sgdlog,313,time,0.2,,direction,0.0,0.532258064516129,0.0,0.0,0.0,0.47648902821316613,"[[33, 0], [29, 0]]",0.5,0,,0.0,,0.0,,,0.002,,,,0.7304865799914476
BTCUSDT,8h,120 days ago UTC,16,rf,313,time,0.2,,direction,0.0,0.46774193548387094,0.43333333333333335,0.4482758620689655,0.4406779661016949,0.5146290491118077,"[[16, 17], [16, 13]]",0.665,0,,0.0,,0.0,,,0.002,,,,0.7271333530220999
BTCUSDT,8h,120 days ago UTC,16,hgb,313,time,0.2,,direction,0.0,0.46774193548387094,0.4166666666666667,0.3448275862068966,0.37735849056603776,0.4890282131661442,"[[19, 14], [19, 10]]",0.815,3,0.6666666666666666,-0.00013958330409804826,-0.002884721618026331,-0.0089642802022607,-1.3707356980743317,-28847216180.26329,0.002,,,,0.9515300668299089
BTCUSDT,8h,120 days ago UTC,16,linsvc,313,time,0.2,,direction,0.0,0.532258064516129,0.0,0.0,0.0,0.4890282131661442,"[[33, 0], [29, 0]]",0.5,0,,0.0,,0.0,,,0.002,,,,0.7304865984879909
BTCUSDT,8h,120 days ago UTC,16,bilstm,298,time,0.2,,direction,0.0,0.5084745762711864,0.4878048780487805,0.7142857142857143,0.5797101449275363,0.511520737327189,"[[10, 21], [8, 20]]",0.735,1,1.0,0.00033696504839419994,0.019880937855257796,0.019880937855257796,4.308053160523708,,0.002,,,,0.7279732351904504
BTCUSDT,8h,120 days ago UTC,16,gru_lstm,298,time,0.2,,direction,0.0,0.6101694915254238,0.5862068965517241,0.6071428571428571,0.5964912280701754,0.565668202764977,"[[19, 12], [11, 17]]",0.645,14,0.5,0.00012366527615862894,0.0005211608066685078,0.006832831522208371,0.9960513939625205,0.1316855287191895,0.002,,,,0.7276127920247543
BTCUSDT,8h,120 days ago UTC,16,hybrid_transformer,298,time,0.2,,direction,0.0,0.576271186440678,0.5348837209302325,0.8214285714285714,0.647887323943662,0.587557603686636,"[[11, 20], [5, 23]]",0.59,13,0.6153846153846154,9.548733376637512e-05,0.00043336559170893327,0.005534979223267067,1.593612258893372,0.25245943872533927,0.002,,,,0.697045544923516
BTCUSDT,8h,120 days ago UTC,16,voting_soft,313,time,0.2,,direction,0.0,0.45161290322580644,0.41379310344827586,0.41379310344827586,0.41379310344827586,0.4973876698014629,"[[16, 17], [17, 12]]",0.695,1,1.0,0.00019691571310120537,0.012208774212274733,0.012208774212274731,4.202533797910571,,0.002,,,,0.7307052631323034
BTCUSDT,8h,120 days ago UTC,16,stacking,313,time,0.2,,direction,0.0,0.5,0.48333333333333334,1.0,0.651685393258427,0.4869383490073145,"[[2, 31], [0, 29]]",0.67,0,,0.0,,0.0,,,0.002,,,,0.7231405897467256
BTCUSDT,8h,120 days ago UTC,16,arima,313,time,0.2,,direction,0.0,0.46774193548387094,0.46774193548387094,1.0,0.6373626373626373,0.5768025078369906,"[[0, 33], [0, 29]]",0.645,0,,0.0,,0.0,,,0.002,,,,0.7487139797998212
BTCUSDT,1d,120 days ago UTC,16,logreg,73,time,0.2,,direction,0.0,0.35714285714285715,0.0,0.0,0.0,0.8222222222222222,"[[5, 0], [9, 0]]",0.5,0,,0.0,,0.0,,,0.002,,,,0.7091146664126088
BTCUSDT,1d,120 days ago UTC,16,sgdlog,73,time,0.2,,direction,0.0,0.6428571428571429,0.6428571428571429,1.0,0.782608695652174,0.8222222222222222,"[[0, 5], [0, 9]]",0.55,7,0.7142857142857143,0.006964799668662314,0.013929599337324627,0.10104540614144009,11.115969517323188,7.734822294414306,0.002,,,,0.6666022727740424
BTCUSDT,1d,120 days ago UTC,16,rf,73,time,0.2,,direction,0.0,0.42857142857142855,1.0,0.1111111111111111,0.2,0.4888888888888888,"[[5, 0], [8, 1]]",0.5,1,1.0,0.0015042188038206148,0.021059063253488608,0.021059063253488608,5.106018857331863,,0.002,,,,0.7777684649845782
BTCUSDT,1d,120 days ago UTC,16,hgb,73,time,0.2,,direction,0.0,0.35714285714285715,0.0,0.0,0.0,0.6555555555555557,"[[5, 0], [9, 0]]",0.5,0,,0.0,,0.0,,,0.002,,,,0.8400577700417549
BTCUSDT,1d,120 days ago UTC,16,linsvc,73,time,0.2,,direction,0.0,0.6428571428571429,0.6428571428571429,1.0,0.782608695652174,0.8222222222222222,"[[0, 5], [0, 9]]",0.55,7,0.7142857142857143,0.006964799668662314,0.013929599337324627,0.10104540614144009,11.115969517323188,7.734822294414306,0.002,,,,0.6665903632608374
BTCUSDT,1d,120 days ago UTC,16,bilstm,58,time,0.2,,direction,0.0,0.45454545454545453,1.0,0.14285714285714285,0.25,0.6428571428571428,"[[4, 0], [6, 1]]",0.5,1,1.0,0.001300967128850578,0.01431063841735636,0.014310638417356358,5.760366149978505,,0.002,,,,0.7674567637293787
BTCUSDT,1d,120 days ago UTC,16,gru_lstm,58,time,0.2,,direction,0.0,0.36363636363636365,0.0,0.0,0.0,0.07142857142857142,"[[4, 0], [7, 0]]",0.5,0,,0.0,,0.0,,,0.002,,,,0.9784519681101355
BTCUSDT,1d,120 days ago UTC,16,hybrid_transformer,58,time,0.2,,direction,0.0,0.5454545454545454,0.75,0.42857142857142855,0.5454545454545454,0.5714285714285714,"[[3, 1], [4, 3]]",0.57,1,1.0,0.0006841358159649875,0.007525493975614863,0.007525493975614861,5.760366149978504,,0.002,,,,0.720514396174315
BTCUSDT,1d,120 days ago UTC,16,voting_soft,73,time,0.2,,direction,0.0,0.35714285714285715,0.0,0.0,0.0,0.5777777777777777,"[[5, 0], [9, 0]]",0.5,0,,0.0,,0.0,,,0.002,,,,0.7618355186460164
BTCUSDT,1d,120 days ago UTC,16,stacking,73,time,0.2,,direction,0.0,0.35714285714285715,0.0,0.0,0.0,0.28888888888888886,"[[5, 0], [9, 0]]",0.5,0,,0.0,,0.0,,,0.002,,,,0.7067311544630372
BTCUSDT,1d,120 days ago UTC,16,metalabel,73,time,0.2,,direction,0.0,0.35714285714285715,0.0,0.0,0.0,0.6555555555555557,"[[5, 0], [9, 0]]",0.5,0,,0.0,,0.0,,,0.002,,,,1.2156356524138339
BTCUSDT,1d,120 days ago UTC,16,arima,73,time,0.2,,direction,0.0,0.6428571428571429,0.6428571428571429,1.0,0.782608695652174,0.4666666666666667,"[[0, 5], [0, 9]]",0.62,1,1.0,0.0015042188038206148,0.021059063253488608,0.021059063253488608,5.106018857331863,,0.002,,,,0.6512176098981113
BTCUSDT,4h,365 days ago UTC,16,logreg,2143,time,0.2,,direction,0.0,0.48598130841121495,0.48598130841121495,1.0,0.6540880503144654,0.4877185314685315,"[[0, 220], [0, 208]]",0.52,0,,0.0,,0.0,,,0.002,,,,0.6944314851616046
BTCUSDT,4h,365 days ago UTC,16,sgdlog,2143,time,0.2,,direction,0.0,0.514018691588785,0.0,0.0,0.0,0.5123251748251748,"[[220, 0], [208, 0]]",0.5,0,,0.0,,0.0,,,0.002,,,,0.7458663331689908
BTCUSDT,4h,365 days ago UTC,16,rf,2143,time,0.2,,direction,0.0,0.4976635514018692,0.48148148148148145,0.4375,0.45843828715365237,0.5055288461538462,"[[122, 98], [117, 91]]",0.63,1,1.0,5.923239735068347e-06,0.0025351466066092527,0.002535146606609251,2.2620394403958883,,0.002,,,,0.7083698352064766
BTCUSDT,4h,365 days ago UTC,16,hgb,2143,time,0.2,,direction,0.0,0.5327102803738317,0.52,0.5,0.5098039215686274,0.5390734265734266,"[[124, 96], [104, 104]]",0.9,8,0.5,-3.105792165749636e-05,-0.0016615988086760554,-0.0135661855288296,-1.112704924294642,-0.2949788256379716,0.002,,,,0.7854053605127058
BTCUSDT,4h,365 days ago UTC,16,linsvc,2143,time,0.2,,direction,0.0,0.514018691588785,0.0,0.0,0.0,0.5123033216783217,"[[220, 0], [208, 0]]",0.5,0,,0.0,,0.0,,,0.002,,,,0.7458670192885185
BTCUSDT,4h,365 days ago UTC,16,bilstm,2128,time,0.2,,direction,0.0,0.5435294117647059,0.5191082802547771,0.7912621359223301,0.6269230769230769,0.5665425366848429,"[[68, 151], [43, 163]]",0.765,0,,0.0,,0.0,,,0.002,,,,0.6908851708814763
BTCUSDT,4h,365 days ago UTC,16,gru_lstm,2128,time,0.2,,direction,0.0,0.5105882352941177,0.4973404255319149,0.9077669902912622,0.6426116838487973,0.5346898967061222,"[[30, 189], [19, 187]]",0.64,13,0.46153846153846156,4.503817902653494e-05,0.0014724020066367188,0.01887703279326214,1.4640631386442668,0.2360756635104931,0.002,,,,0.6994889060661693
BTCUSDT,4h,365 days ago UTC,16,hybrid_transformer,2128,time,0.2,,direction,0.0,0.5364705882352941,0.5302013422818792,0.38349514563106796,0.4450704225352113,0.5491643392295075,"[[149, 70], [127, 79]]",0.66,5,0.8,2.0252637823675415e-05,0.0017214742150124102,0.008623213508167415,3.0059063843029423,17214742150.1241,0.002,,,,0.694068752381128
BTCUSDT,4h,365 days ago UTC,16,voting_soft,2143,time,0.2,,direction,0.0,0.5280373831775701,0.5145631067961165,0.5096153846153846,0.5120772946859904,0.5351180069930069,"[[120, 100], [102, 106]]",0.68,1,1.0,1.7287940712144004e-05,0.0073992386247976345,0.007399238624797633,2.2620394403958883,,0.002,,,,0.7018499091756568
BTCUSDT,4h,365 days ago UTC,16,stacking,2143,time,0.2,,direction,0.0,0.5186915887850467,0.5026737967914439,0.9038461538461539,0.6460481099656358,0.5524475524475525,"[[34, 186], [20, 188]]",0.59,8,0.875,7.351225586851268e-05,0.0039329056889654285,0.03182303482119986,4.312853762055809,39329056889.65429,0.002,,,,0.6928522296392305
BTCUSDT,4h,365 days ago UTC,16,metalabel,2143,time,0.2,,direction,0.0,0.530373831775701,0.5175879396984925,0.4951923076923077,0.5061425061425061,0.5391389860139859,"[[124, 96], [105, 103]]",0.9,7,0.5714285714285714,-2.1405916185570053e-05,-0.0013088188753462835,-0.009471534710847274,-0.778979499100034,-0.23895277078418317,0.002,,,,0.8901716918568328
BTCUSDT,4h,365 days ago UTC,16,arima,2143,time,0.2,,direction,0.0,0.48598130841121495,0.48598130841121495,1.0,0.6540880503144654,0.49995629370629374,"[[0, 220], [0, 208]]",0.64,0,,0.0,,0.0,,,0.002,,,,0.7331391795918177
BTCUSDT,8h,365 days ago UTC,16,logreg,1048,time,0.2,,direction,0.0,0.5311004784688995,0.5311004784688995,1.0,0.69375,0.45477109762824053,"[[0, 98], [0, 111]]",0.515,0,,0.0,,0.0,,,0.002,,,,0.6918848247520881
BTCUSDT,8h,365 days ago UTC,16,sgdlog,1048,time,0.2,,direction,0.0,0.4688995215311005,0.0,0.0,0.0,0.4538518109946681,"[[98, 0], [111, 0]]",0.5,0,,0.0,,0.0,,,0.002,,,,0.7518185838587114
BTCUSDT,8h,365 days ago UTC,16,rf,1048,time,0.2,,direction,0.0,0.47368421052631576,0.5263157894736842,0.09009009009009009,0.15384615384615385,0.514662621805479,"[[89, 9], [101, 10]]",0.655,0,,0.0,,0.0,,,0.002,,,,0.7238543524663836
BTCUSDT,8h,365 days ago UTC,16,hgb,1048,time,0.2,,direction,0.0,0.48325358851674644,0.56,0.12612612612612611,0.20588235294117646,0.5324967824967826,"[[87, 11], [97, 14]]",0.88,2,1.0,6.425805532558163e-05,0.006714966781523281,0.013444450966379362,2.5000465084267027,,0.002,,,,1.0826874002181492
BTCUSDT,8h,365 days ago UTC,16,linsvc,1048,time,0.2,,direction,0.0,0.4688995215311005,0.0,0.0,0.0,0.451829380400809,"[[98, 0], [111, 0]]",0.5,0,,0.0,,0.0,,,0.002,,,,0.7518181978175702
BTCUSDT,8h,365 days ago UTC,16,bilstm,1033,time,0.2,,direction,0.0,0.46601941747572817,0.49107142857142855,0.5092592592592593,0.5,0.47061602418745274,"[[41, 57], [53, 55]]",0.66,15,0.6666666666666666,0.00015327252169696558,0.0021049426313049934,0.031372735621993275,1.9592294365017486,0.49567135868226714,0.002,,,,0.7237537655454346
BTCUSDT,8h,365 days ago UTC,16,gru_lstm,1033,time,0.2,,direction,0.0,0.4368932038834951,0.4583333333333333,0.4074074074074074,0.43137254901960786,0.45256991685563114,"[[46, 52], [64, 44]]",0.87,3,0.6666666666666666,0.0001781795913215645,0.012234998604080763,0.03695487984118251,2.9122590015639083,122349986040.80765,0.002,,,,0.7655223468771624
BTCUSDT,8h,365 days ago UTC,16,hybrid_transformer,1033,time,0.2,,direction,0.0,0.5048543689320388,0.5234375,0.6203703703703703,0.5677966101694916,0.5139833711262283,"[[37, 61], [41, 67]]",0.655,3,0.6666666666666666,4.913589279164327e-05,0.003373997971692838,0.010126069012178274,2.40424855455172,33739979716.92838,0.002,,,,0.7035336872951019
BTCUSDT,8h,365 days ago UTC,16,voting_soft,1048,time,0.2,,direction,0.0,0.507177033492823,0.6538461538461539,0.15315315315315314,0.24817518248175183,0.5141570141570142,"[[89, 9], [94, 17]]",0.645,1,1.0,5.22184982543609e-05,0.010913666135161428,0.010913666135161426,2.288937406256616,,0.002,,,,0.7412729359214771
BTCUSDT,8h,365 days ago UTC,16,stacking,1048,time,0.2,,direction,0.0,0.5358851674641149,0.5339805825242718,0.990990990990991,0.694006309148265,0.5005515719801434,"[[2, 96], [1, 110]]",0.57,8,0.5,5.9380585981653646e-05,0.0015513178087707014,0.012266879603643144,1.3559652691274906,0.4223014916193174,0.002,,,,0.6919772486960816
BTCUSDT,8h,365 days ago UTC,16,arima,1048,time,0.2,,direction,0.0,0.5311004784688995,0.5311004784688995,1.0,0.69375,0.5044125758411474,"[[0, 98], [0, 111]]",0.63,0,,0.0,,0.0,,,0.002,,,,0.7096705538384203
BTCUSDT,1d,365 days ago UTC,16,logreg,318,time,0.2,,direction,0.0,0.5238095238095238,0.5238095238095238,1.0,0.6875,0.5232323232323233,"[[0, 30], [0, 33]]",0.515,0,,0.0,,0.0,,,0.002,,,,0.6923540274494946
BTCUSDT,1d,365 days ago UTC,16,sgdlog,318,time,0.2,,direction,0.0,0.5238095238095238,0.5238095238095238,1.0,0.6875,0.4767676767676768,"[[0, 30], [0, 33]]",0.575,0,,0.0,,0.0,,,0.002,,,,0.6956153396420557
BTCUSDT,1d,365 days ago UTC,16,rf,318,time,0.2,,direction,0.0,0.5238095238095238,0.5405405405405406,0.6060606060606061,0.5714285714285714,0.5641414141414142,"[[13, 17], [13, 20]]",0.645,12,0.75,0.001671472622480749,0.00877523126802393,0.1095997231377126,5.052672203949715,3.849193459880714,0.002,,,,0.6969275137149418
BTCUSDT,1d,365 days ago UTC,16,hgb,318,time,0.2,,direction,0.0,0.5555555555555556,0.6,0.45454545454545453,0.5172413793103449,0.6060606060606061,"[[20, 10], [18, 15]]",0.505,24,0.5833333333333334,0.001310393530723333,0.00343978301814875,0.08403741170120438,3.259764550450512,0.6507536610190129,0.002,,,,0.8066674579757286
BTCUSDT,1d,365 days ago UTC,16,linsvc,318,time,0.2,,direction,0.0,0.5238095238095238,0.5238095238095238,1.0,0.6875,0.4767676767676768,"[[0, 30], [0, 33]]",0.575,0,,0.0,,0.0,,,0.002,,,,0.6956153405328961
BTCUSDT,1d,365 days ago UTC,16,bilstm,303,time,0.2,,direction,0.0,0.5666666666666667,0.5641025641025641,0.7096774193548387,0.6285714285714286,0.5461624026696329,"[[12, 17], [9, 22]]",0.73,8,0.75,0.0015542718260646645,0.011657038695484984,0.09646139375113627,4.8235769143907365,17.356989408859988,0.002,,,,0.7192038252960964
BTCUSDT,1d,365 days ago UTC,16,gru_lstm,303,time,0.2,,direction,0.0,0.43333333333333335,0.3333333333333333,0.0967741935483871,0.15,0.44493882091212456,"[[23, 6], [28, 3]]",0.845,0,,0.0,,0.0,,,0.002,,,,0.8201310456053836
BTCUSDT,1d,365 days ago UTC,16,hybrid_transformer,303,time,0.2,,direction,0.0,0.5166666666666667,0.53125,0.5483870967741935,0.5396825396825397,0.5539488320355951,"[[14, 15], [14, 17]]",0.58,8,0.625,0.0008789029971110179,0.006591772478332634,0.05356200496490371,3.9234946198373333,2.2750984979410283,0.002,,,,0.6891439711178554
BTCUSDT,1d,365 days ago UTC,16,voting_soft,318,time,0.2,,direction,0.0,0.5555555555555556,0.6086956521739131,0.42424242424242425,0.5,0.5838383838383838,"[[21, 9], [19, 14]]",0.54,19,0.631578947368421,0.0016375023719420194,0.005429613128018275,0.10687138613958758,4.405133338195807,1.341359873302274,0.002,,,,0.686822985760235
BTCUSDT,1d,365 days ago UTC,16,stacking,318,time,0.2,,direction,0.0,0.4444444444444444,0.4782608695652174,0.6666666666666666,0.5569620253164557,0.42424242424242425,"[[6, 24], [11, 22]]",0.59,4,0.75,0.0007908853123991078,0.01245644367028595,0.05044131567937238,3.4221908677123567,124564436702.8595,0.002,,,,0.7055689350424744
BTCUSDT,1d,365 days ago UTC,16,arima,318,time,0.2,,direction,0.0,0.5238095238095238,0.5238095238095238,1.0,0.6875,0.5171717171717172,"[[0, 30], [0, 33]]",0.625,1,1.0,0.000354203676666535,0.022314831629991705,0.022314831629991705,2.407000372590498,,0.002,,,,0.7130835357143204
BTCUSDT,4h,720 days ago UTC,16,logreg,4273,time,0.2,,direction,0.0,0.49414519906323184,0.49414519906323184,1.0,0.6614420062695925,0.5245578813410567,"[[0, 432], [0, 422]]",0.52,0,,0.0,,0.0,,,0.002,,,,0.6943904420228415
BTCUSDT,4h,720 days ago UTC,16,sgdlog,4273,time,0.2,,direction,0.0,0.49414519906323184,0.49414519906323184,1.0,0.6614420062695925,0.5214257503949447,"[[0, 432], [0, 422]]",0.53,0,,0.0,,0.0,,,0.002,,,,0.6954522254893332
BTCUSDT,4h,720 days ago UTC,16,rf,4273,time,0.2,,direction,0.0,0.4918032786885246,0.49166666666666664,0.8388625592417062,0.6199649737302977,0.5144209671757065,"[[66, 366], [68, 354]]",0.675,0,,0.0,,0.0,,,0.002,,,,0.6982070673997185
BTCUSDT,4h,720 days ago UTC,16,hgb,4273,time,0.2,,direction,0.0,0.5105386416861827,0.503968253968254,0.6018957345971564,0.5485961123110151,0.5044074732315253,"[[182, 250], [168, 254]]",0.85,11,0.6363636363636364,2.5732988299680615e-05,0.001997815637084295,0.0220622966727424,2.004921741068626,0.7025211927515407,0.002,,,,0.7335521239399129
BTCUSDT,4h,720 days ago UTC,16,linsvc,4273,time,0.2,,direction,0.0,0.49414519906323184,0.49414519906323184,1.0,0.6614420062695925,0.5156579120589784,"[[0, 432], [0, 422]]",0.53,0,,0.0,,0.0,,,0.002,,,,0.6954520353625535
BTCUSDT,4h,720 days ago UTC,16,bilstm,4258,time,0.2,,direction,0.0,0.5064629847238543,0.5006765899864682,0.8788598574821853,0.6379310344827587,0.49810528641661594,"[[61, 369], [51, 370]]",0.605,8,0.25,5.450487966095931e-06,0.0005797956573934549,0.0045103129002053155,0.44587386894696734,0.26727716350882064,0.002,,,,0.699514979952583
BTCUSDT,4h,720 days ago UTC,16,gru_lstm,4258,time,0.2,,direction,0.0,0.5064629847238543,0.5007874015748032,0.7553444180522565,0.6022727272727273,0.5226923714301497,"[[113, 317], [103, 318]]",0.705,3,0.6666666666666666,2.095432388667344e-05,0.005944043209186366,0.017863504276882214,1.792558866536435,59440432091.86365,0.002,,,,0.7061207189267773
BTCUSDT,4h,720 days ago UTC,16,hybrid_transformer,4258,time,0.2,,direction,0.0,0.5017626321974148,0.49560117302052786,0.4014251781472684,0.4435695538057743,0.5099375794067281,"[[258, 172], [252, 169]]",0.845,0,,0.0,,0.0,,,0.002,,,,0.7184352747733168
BTCUSDT,4h,720 days ago UTC,16,voting_soft,4273,time,0.2,,direction,0.0,0.49882903981264637,0.4954682779456193,0.7772511848341233,0.6051660516605166,0.5085461646480604,"[[98, 334], [94, 328]]",0.63,6,0.6666666666666666,3.194408998064081e-05,0.004546708807244543,0.02727838995921017,1.604959215278316,4.567857912078986,0.002,,,,0.6985783456299974
BTCUSDT,4h,720 days ago UTC,16,stacking,4273,time,0.2,,direction,0.0,0.4812646370023419,0.4857142857142857,0.8459715639810427,0.6171132238547969,0.48776768474635773,"[[54, 378], [65, 357]]",0.54,1,1.0,7.762509751037137e-06,0.006629183327385714,0.006629183327385713,1.6013752871530298,,0.002,,,,0.6939195240063222
BTCUSDT,4h,720 days ago UTC,16,metalabel,4273,time,0.2,,direction,0.0,0.5163934426229508,0.5100222717149221,0.542654028436019,0.5258323765786452,0.5044074732315253,"[[212, 220], [193, 229]]",0.815,10,0.6,2.5582717567754575e-05,0.002184764080286241,0.021888488425614083,1.764870800987008,0.768260613778874,0.002,,,,0.7981346662499378
BTCUSDT,4h,720 days ago UTC,16,arima,4273,time,0.2,,direction,0.0,0.49414519906323184,0.49414519906323184,1.0,0.6614420062695925,0.49995611725469546,"[[0, 432], [0, 422]]",0.63,0,,0.0,,0.0,,,0.002,,,,0.7294362982358127
BTCUSDT,8h,720 days ago UTC,16,logreg,2113,time,0.2,,direction,0.0,0.523696682464455,0.523696682464455,1.0,0.687402799377916,0.5035906440647441,"[[0, 201], [0, 221]]",0.525,0,,0.0,,0.0,,,0.002,,,,0.6920238954844979
BTCUSDT,8h,720 days ago UTC,16,sgdlog,2113,time,0.2,,direction,0.0,0.48104265402843605,0.5238095238095238,0.09954751131221719,0.16730038022813687,0.5021723959388578,"[[181, 20], [199, 22]]",0.51,0,,0.0,,0.0,,,0.002,,,,0.6944858092997422
BTCUSDT,8h,720 days ago UTC,16,rf,2113,time,0.2,,direction,0.0,0.5023696682464455,0.5236051502145923,0.5520361990950227,0.5374449339207048,0.4926836406204273,"[[90, 111], [99, 122]]",0.575,18,0.3888888888888889,3.171912491056518e-05,0.000743637261792139,0.011727034048794494,0.36458385395348325,0.11645708036628277,0.002,,,,0.7051848826521689
BTCUSDT,8h,720 days ago UTC,16,hgb,2113,time,0.2,,direction,0.0,0.48104265402843605,0.5142857142857142,0.16289592760180996,0.24742268041237114,0.4913554399945972,"[[167, 34], [185, 36]]",0.68,5,0.8,6.846028878570579e-05,0.005778048373513568,0.029158963518641334,2.698471802297316,57780483735.13568,0.002,,,,0.8176249038871535
BTCUSDT,8h,720 days ago UTC,16,linsvc,2113,time,0.2,,direction,0.0,0.476303317535545,0.0,0.0,0.0,0.4910402737444002,"[[201, 0], [221, 0]]",0.5,0,,0.0,,0.0,,,0.002,,,,0.6948889483586844
BTCUSDT,8h,720 days ago UTC,16,bilstm,2098,time,0.2,,direction,0.0,0.5107398568019093,0.5214723926380368,0.776255707762557,0.6238532110091743,0.4996803652968036,"[[44, 156], [49, 170]]",0.675,0,,0.0,,0.0,,,0.002,,,,0.7005253264610126
BTCUSDT,8h,720 days ago UTC,16,gru_lstm,2098,time,0.2,,direction,0.0,0.513126491646778,0.5245901639344263,0.730593607305936,0.6106870229007634,0.4805479452054794,"[[55, 145], [59, 160]]",0.655,0,,0.0,,0.0,,,0.002,,,,0.7005768575645924
BTCUSDT,8h,720 days ago UTC,16,hybrid_transformer,2098,time,0.2,,direction,0.0,0.4797136038186158,0.503448275862069,0.3333333333333333,0.4010989010989011,0.4701598173515981,"[[128, 72], [146, 73]]",0.63,15,0.5333333333333333,8.983548726098359e-05,0.0025094046108234745,0.037566846187069736,1.5592801357575086,0.29623269263518004,0.002,,,,0.7266032093572471
BTCUSDT,8h,720 days ago UTC,16,voting_soft,2113,time,0.2,,direction,0.0,0.48104265402843605,0.5098039215686274,0.23529411764705882,0.3219814241486068,0.4896557934310348,"[[151, 50], [169, 52]]",0.61,0,,0.0,,0.0,,,0.002,,,,0.7103511011220243
BTCUSDT,8h,720 days ago UTC,16,stacking,2113,time,0.2,,direction,0.0,0.523696682464455,0.523696682464455,1.0,0.687402799377916,0.5101641115688526,"[[0, 201], [0, 221]]",0.645,0,,0.0,,0.0,,,0.002,,,,0.6949066565942759
BTCUSDT,8h,720 days ago UTC,16,metalabel,2113,time,0.2,,direction,0.0,0.4786729857819905,0.5072463768115942,0.1583710407239819,0.2413793103448276,0.4913554399945972,"[[167, 34], [186, 35]]",0.68,4,0.75,4.221520695545016e-05,0.004453704333799992,0.017885450034192285,2.1649978512063943,44537043337.999916,0.002,,,,1.0357965200362333
BTCUSDT,8h,720 days ago UTC,16,arima,2113,time,0.2,,direction,0.0,0.523696682464455,0.523696682464455,1.0,0.687402799377916,0.4975349496859593,"[[0, 201], [0, 221]]",0.63,1,1.0,1.2103208256162499e-06,0.0005107553884100575,0.0005107553884100557,1.610834172054287,,0.002,,,,0.7145276019833594
BTCUSDT,1d,720 days ago UTC,16,logreg,673,time,0.2,,direction,0.0,0.5298507462686567,0.5298507462686567,1.0,0.6926829268292682,0.5888665325285044,"[[0, 63], [0, 71]]",0.52,0,,0.0,,0.0,,,0.002,,,,0.6915852751336853
BTCUSDT,1d,720 days ago UTC,16,sgdlog,673,time,0.2,,direction,0.0,0.4701492537313433,0.0,0.0,0.0,0.38832997987927564,"[[63, 0], [71, 0]]",0.5,0,,0.0,,0.0,,,0.002,,,,0.7215874276934202
BTCUSDT,1d,720 days ago UTC,16,rf,673,time,0.2,,direction,0.0,0.4701492537313433,0.0,0.0,0.0,0.5801475519785378,"[[63, 0], [71, 0]]",0.5,0,,0.0,,0.0,,,0.002,,,,0.7480701986155573
BTCUSDT,1d,720 days ago UTC,16,hgb,673,time,0.2,,direction,0.0,0.4925373134328358,0.6,0.1267605633802817,0.20930232558139536,0.5593561368209256,"[[57, 6], [62, 9]]",0.61,10,0.5,0.0003428098618429026,0.004593652148694895,0.04606107034879625,1.7653231910544978,1.8560573756722234,0.002,,,,1.21047347249843
BTCUSDT,1d,720 days ago UTC,16,linsvc,673,time,0.2,,direction,0.0,0.4701492537313433,0.0,0.0,0.0,0.4144869215291751,"[[63, 0], [71, 0]]",0.5,0,,0.0,,0.0,,,0.002,,,,0.7215874127034512
BTCUSDT,1d,720 days ago UTC,16,bilstm,658,time,0.2,,direction,0.0,0.5114503816793893,0.5232558139534884,0.6617647058823529,0.5844155844155844,0.48085901027077504,"[[22, 41], [23, 45]]",0.8,2,1.0,0.00014136563020910264,0.009259448778696222,0.01855460754326832,1.8778336868574002,,0.002,,,,0.732674048181123
BTCUSDT,1d,720 days ago UTC,16,gru_lstm,658,time,0.2,,direction,0.0,0.5267175572519084,0.6153846153846154,0.23529411764705882,0.3404255319148936,0.5182072829131653,"[[53, 10], [52, 16]]",0.64,12,0.4166666666666667,6.329527176713487e-05,0.0006909733834578887,0.007025097296356364,0.26928690348947454,0.11757156216184714,0.002,,,,0.8256505819170059
BTCUSDT,1d,720 days ago UTC,16,hybrid_transformer,658,time,0.2,,direction,0.0,0.4961832061068702,0.5113636363636364,0.6617647058823529,0.5769230769230769,0.4871615312791784,"[[20, 43], [23, 45]]",0.78,4,0.75,0.0001917345560810534,0.006279306711654499,0.02523024055220957,2.0923073942483748,62793067116.54498,0.002,,,,0.7487271650840644
BTCUSDT,1d,720 days ago UTC,16,voting_soft,673,time,0.2,,direction,0.0,0.47761194029850745,0.5714285714285714,0.056338028169014086,0.10256410256410256,0.5904314777554215,"[[60, 3], [67, 4]]",0.59,1,1.0,7.818861598442245e-05,0.010477274541912608,0.010477274541912607,1.6504183097066407,,0.002,,,,0.761878384264805
BTCUSDT,1d,720 days ago UTC,16,stacking,673,time,0.2,,direction,0.0,0.5298507462686567,0.5298507462686567,1.0,0.6926829268292682,0.44332662642521803,"[[0, 63], [0, 71]]",0.575,6,0.3333333333333333,5.954662807812341e-05,0.001329874693744756,0.00695910208418038,0.2844166023173168,0.25384371014711865,0.002,,,,0.695536831054834
BTCUSDT,1d,720 days ago UTC,16,arima,673,time,0.2,,direction,0.0,0.5298507462686567,0.5298507462686567,1.0,0.6926829268292682,0.514866979655712,"[[0, 63], [0, 71]]",0.63,1,1.0,2.85939060412682e-05,0.003831583409529939,0.0038315834095299373,1.6504183097066407,,0.002,,,,0.7109079158997424
