open_time,open,high,low,close,volume
1750046400000,105921.85,107262.31,105874.48,107061.8,2778.21159
1750060800000,107061.8,107255.01,106582.25,106883.99,2148.92551
1750075200000,106884.0,107784.26,106495.09,107424.96,2538.358
1750089600000,107424.96,108888.0,107309.15,108652.0,2748.12533
1750104000000,108652.01,108952.38,106700.0,106794.53,3029.00687
1750118400000,106794.53,107771.34,106115.35,107590.41,3025.95246
1750132800000,107590.41,107711.06,106481.6,106758.52,1696.95424
1750147200000,106758.52,106822.78,105508.23,105641.47,2408.54535
1750161600000,105641.48,105862.03,104130.95,104241.63,4308.26392
1750176000000,104241.62,105336.82,103371.02,104686.12,4719.96669
1750190400000,104686.12,104898.81,104203.85,104551.17,1706.64759
1750204800000,104551.17,105240.0,104379.52,105184.84,1346.38636
1750219200000,105184.84,105550.27,104713.24,104973.24,1758.92527
1750233600000,104973.24,105310.62,104175.87,104840.59,1900.45623
1750248000000,104840.58,105325.83,103814.04,104801.01,4024.47787
1750262400000,104801.01,104836.64,103500.0,103808.41,3290.4773
1750276800000,103808.41,105139.87,103652.0,104886.78,1647.91864
1750291200000,104886.79,105226.17,104457.12,105100.02,1479.10507
1750305600000,105100.01,105220.0,104617.69,104642.85,1132.25759
1750320000000,104642.85,105073.53,104631.26,104776.23,949.58523
1750334400000,104776.23,104917.05,104078.0,104096.93,1595.4989
1750348800000,104096.94,104814.73,103929.27,104250.44,1624.22301
1750363200000,104250.45,104898.31,104150.0,104658.59,897.93757
1750377600000,104658.59,104820.0,104391.38,104596.63,1026.45735
1750392000000,104596.64,105825.66,104238.02,105811.74,1878.07017
1750406400000,105811.74,106524.65,105757.48,105977.82,2862.78664
1750420800000,105977.82,106149.17,103888.0,104217.99,3668.86931
1750435200000,104218.0,104269.64,102345.0,103307.22,5227.49835
1750449600000,103307.21,103828.0,102963.67,103297.99,1755.38101
1750464000000,103297.98,103691.67,103127.48,103495.87,750.73411
1750478400000,103495.86,103599.04,103330.0,103458.5,686.61118
1750492800000,103458.5,103982.64,103458.49,103874.64,1188.56205
1750507200000,103874.63,103946.47,103281.82,103560.9,1449.27436
1750521600000,103560.9,103640.0,102210.43,102245.1,2365.40427
1750536000000,102245.11,102888.88,100837.9,102120.01,4713.62735
1750550400000,102120.02,103399.62,101839.96,102375.4,4339.90882
1750564800000,102375.4,102946.47,102256.01,102424.61,1481.73109
1750579200000,102424.61,102804.05,102080.0,102739.48,1801.30685
1750593600000,102739.47,102831.0,98889.35,98906.21,12422.58545
1750608000000,98906.21,100380.0,98673.66,98882.84,4419.40202
1750622400000,98882.85,101034.65,98200.0,100963.87,4281.47649
1750636800000,100963.87,101620.0,100494.25,101154.14,2930.22354
1750651200000,101154.13,102137.0,100980.0,101931.04,2509.06943
1750665600000,101931.04,102080.0,101102.76,101289.01,2527.52051
1750680000000,101289.0,102613.09,100792.16,101420.7,4451.665
1750694400000,101420.71,103300.0,99613.33,103161.29,7496.3725
1750708800000,103161.3,106074.2,102880.0,105333.93,7751.65511
1750723200000,105333.94,105500.0,104720.82,104919.6,2882.14256
1750737600000,104919.6,105811.0,104704.91,104933.74,3158.97987
1750752000000,104933.74,105571.4,104622.02,105170.0,2216.8644
1750766400000,105169.99,105731.92,104800.98,105244.73,2933.73072
1750780800000,105244.72,106290.0,105172.64,105643.19,2366.40087
1750795200000,105643.2,106119.11,105435.45,106083.0,1093.57493
1750809600000,106083.0,106791.18,105808.03,106232.01,2385.0945
1750824000000,106232.01,106702.0,106001.0,106600.01,1317.62334
1750838400000,106600.0,107237.44,106343.13,107198.02,2272.81569
1750852800000,107198.02,108135.3,106752.36,107028.0,7497.00314
1750867200000,107027.99,107905.37,106931.0,107761.68,2109.69446
1750881600000,107761.67,108000.0,107079.9,107340.58,1118.92438
1750896000000,107340.59,108272.45,107105.43,107853.79,1896.83706
1750910400000,107853.79,108085.92,107520.0,107813.99,1290.81871
1750924800000,107813.99,108174.86,107117.65,107325.41,2010.44306
1750939200000,107325.42,107765.55,106562.5,107313.6,2623.12904
1750953600000,107313.61,107669.74,107009.28,107532.98,1252.6466
1750968000000,107532.97,108000.0,106850.0,106947.06,1499.39832
1750982400000,106947.06,107515.28,106438.33,107477.76,1472.30428
1750996800000,107477.76,107735.34,106850.0,106869.71,1946.05962
1751011200000,106869.72,107159.95,106679.98,106983.6,2318.07544
1751025600000,106983.6,107407.14,106356.76,107308.25,3704.52866
1751040000000,107308.25,107709.22,106446.45,106801.02,1987.48356
1751054400000,106801.02,107277.99,106794.33,107047.59,803.98886
1751068800000,107047.58,107347.1,106811.51,107300.13,775.04704
1751083200000,107300.13,107496.12,107183.29,107485.0,497.62159
1751097600000,107485.01,107493.07,107252.6,107373.39,416.2984
1751112000000,107373.39,107577.75,107084.15,107449.28,714.87392
1751126400000,107449.28,107542.5,107225.74,107225.74,499.08961
1751140800000,107225.74,107378.37,107154.62,107296.79,379.24296
1751155200000,107296.79,107500.0,107172.52,107210.78,534.03453
1751169600000,107210.78,107402.18,107205.82,107402.18,340.57663
1751184000000,107402.17,108484.0,107402.17,108477.11,1988.92767
1751198400000,108477.12,108528.5,107650.0,107750.72,1320.45894
1751212800000,107750.72,107792.05,107316.46,107406.81,1188.5295
1751227200000,107406.8,108436.47,107250.0,108356.93,1459.20913
1751241600000,108356.93,108789.99,108255.81,108503.74,1564.16827
1751256000000,108503.74,108538.76,107481.31,107614.08,1581.27553
1751270400000,107614.07,107964.33,107400.0,107654.2,1242.20442
1751284800000,107654.21,107858.79,106733.33,107580.46,2980.03437
1751299200000,107580.47,107807.94,107116.4,107745.97,1314.82691
1751313600000,107745.97,107764.73,106900.02,107146.5,1071.61541
1751328000000,107146.51,107540.0,107026.93,107192.38,973.46
1751342400000,107192.39,107203.11,106615.97,107178.99,1267.97836
1751356800000,107178.99,107178.99,106301.86,106605.8,1434.81634
1751371200000,106605.79,107179.99,105623.39,105955.18,3974.69567
1751385600000,105955.19,106287.95,105387.68,105398.53,1690.90273
1751400000000,105398.52,106100.0,105250.85,105681.14,1163.77127
1751414400000,105681.13,106216.08,105100.19,106194.7,1453.64233
1751428800000,106194.7,107186.78,106131.55,107080.0,1903.51108
1751443200000,107080.0,107860.23,107080.0,107479.99,2147.6808
1751457600000,107479.98,108759.2,107186.1,108737.74,3227.14121
1751472000000,108737.75,109730.0,108650.97,109676.14,5656.10907
1751486400000,109676.14,109676.14,108720.0,108849.6,3303.81143
1751500800000,108849.59,109115.03,108530.4,108628.21,1439.99562
1751515200000,108628.2,109548.0,108566.14,109280.0,1560.58968
1751529600000,109279.99,110273.21,109279.99,109599.19,3249.5488
1751544000000,109599.18,110529.18,108749.99,109127.84,4201.7259
1751558400000,109127.85,109910.1,109020.8,109803.41,1688.44383
1751572800000,109803.41,110000.0,109510.0,109584.78,906.77842
1751587200000,109584.77,109767.59,109103.71,109235.57,1002.72236
1751601600000,109235.58,109329.6,108700.0,108700.0,1609.06105
1751616000000,108700.0,109111.0,108518.83,108888.0,1086.39121
1751630400000,108888.0,108978.64,107505.0,107573.29,3616.08946
1751644800000,107573.29,107922.5,107245.0,107469.23,3431.70312
1751659200000,107469.22,108279.33,107440.63,107984.24,1047.89895
1751673600000,107984.25,108259.99,107756.31,108154.72,766.63785
1751688000000,108154.72,108420.56,108000.0,108053.46,660.13042
1751702400000,108053.46,108219.19,107870.42,108112.21,675.37974
1751716800000,108112.2,108232.29,107971.0,108058.0,564.4708
1751731200000,108058.0,108167.23,107864.75,108141.78,586.1961
1751745600000,108141.78,108250.0,107993.39,108198.12,484.16079
1751760000000,108198.12,108268.35,108025.97,108050.49,397.25464
1751774400000,108050.49,108218.0,107930.45,108040.31,497.89684
1751788800000,108040.31,108111.0,107800.01,108076.01,740.99603
1751803200000,108076.0,109127.03,108045.76,108905.99,2193.35606
1751817600000,108906.0,108966.62,108266.67,108538.46,922.00834
1751832000000,108538.45,109700.0,108536.86,109203.84,1696.09509
1751846400000,109203.85,109700.0,108679.75,109389.47,1313.66179
1751860800000,109389.46,109447.54,108654.94,109061.08,1068.89272
1751875200000,109061.07,109087.86,108572.52,108642.01,1793.43934
1751889600000,108642.01,108660.0,107970.0,108292.59,2516.39623
1751904000000,108292.59,108493.56,107513.2,108056.68,1826.11433
1751918400000,108056.67,108300.0,107800.01,108262.94,886.8716
1751932800000,108262.94,108525.0,107429.57,107901.52,2011.55999
1751947200000,107901.52,108499.0,107750.0,108484.61,1010.06569
1751961600000,108484.61,109005.0,108229.15,108756.37,1314.23794
1751976000000,108756.37,109216.56,108217.07,108268.35,1848.45054
1751990400000,108268.35,109147.56,108096.55,108771.88,2426.90745
1752004800000,108771.87,108974.0,108624.0,108922.98,604.79919
1752019200000,108922.99,109136.0,108348.0,108376.41,994.80226
1752033600000,108376.41,108942.2,108324.53,108714.39,1001.59915
1752048000000,108714.39,109117.0,108553.18,109058.27,1275.99616
1752062400000,109058.27,109769.39,108503.0,109071.32,4108.39131
1752076800000,109071.32,111999.79,109047.49,111750.0,6338.57455
1752091200000,111749.99,111952.33,110559.4,111233.99,3562.92307
1752105600000,111234.0,111581.0,110880.0,111074.51,1687.73466
1752120000000,111074.52,111432.46,110898.0,111230.0,1667.11413
1752134400000,111229.99,111398.96,110870.33,111019.99,1407.79297
1752148800000,111019.99,111408.41,110500.0,111408.4,2221.21737
1752163200000,111408.4,113788.23,111322.32,113301.81,7461.037691
1752177600000,113301.8,116868.0,113270.98,116010.0,10438.553844
1752192000000,116010.01,116950.0,115222.22,116881.7,4456.671301
1752206400000,116881.69,118404.22,116500.0,117526.88,7940.173377
1752220800000,117526.88,118869.98,117526.88,117821.91,4664.06161
1752235200000,117821.91,118259.24,116724.66,116902.59,4711.37408
1752249600000,116902.58,118138.75,116604.87,118108.81,2754.72647
1752264000000,118108.81,118108.81,117146.8,117527.66,1346.51431
1752278400000,117527.66,117847.66,117141.13,117774.42,1268.81982
1752292800000,117774.42,118054.79,117506.37,117731.99,1157.69575
1752307200000,117731.99,118200.0,117625.0,117810.0,1459.36466
1752321600000,117810.0,117861.19,116900.05,117100.01,2887.39027
1752336000000,117100.0,117639.98,117045.86,117550.96,961.54328
1752350400000,117550.96,117563.75,117000.01,117420.0,711.79059
1752364800000,117420.0,117824.76,117224.79,117753.6,696.41148
1752379200000,117753.59,118054.79,117684.22,117999.0,867.97982
1752393600000,117998.99,118086.66,117689.63,118072.01,685.44893
1752408000000,118072.01,119376.0,117989.53,118672.24,3891.104317
1752422400000,118672.23,119488.0,118382.56,118961.08,1749.40157
1752436800000,118961.09,119367.37,118243.68,119086.64,1660.44683
1752451200000,119086.65,121492.48,118905.18,120750.24,5418.532886
1752465600000,120750.25,123218.0,120557.63,122736.04,6981.800221
1752480000000,122736.04,122769.19,121355.55,121467.24,3279.33527
1752494400000,121467.23,122120.0,119611.7,119878.23,6047.71252
1752508800000,119878.22,120526.03,119202.0,119939.41,4127.24496
1752523200000,119939.42,120447.0,119522.72,119841.18,1414.72302
1752537600000,119841.17,119940.83,116840.01,117148.47,6623.40172
1752552000000,117148.46,117765.4,116250.0,116779.12,5478.80575
1752566400000,116779.13,117224.08,116300.0,117113.98,3612.34292
1752580800000,117113.98,118490.71,115736.92,116391.43,8662.27705
1752595200000,116391.43,117800.6,116019.05,116416.07,5395.39361
1752609600000,116416.07,117972.86,116192.27,117758.09,2246.23978
1752624000000,117758.08,118195.0,117017.29,117482.67,2060.70862
1752638400000,117482.67,118300.0,117275.63,118189.25,1653.72862
1752652800000,118189.24,119310.75,118113.82,118769.06,2658.37376
1752667200000,118769.06,119794.8,118181.14,119095.76,4851.16642
1752681600000,119095.76,119904.13,118471.38,119230.16,2877.33424
1752696000000,119230.16,120063.84,118420.0,118630.43,2938.59685
1752710400000,118630.44,119158.28,117683.53,118128.8,2234.06203
1752724800000,118128.8,118772.0,117857.03,118311.75,2080.63383
1752739200000,118311.75,119192.0,117974.99,117995.0,2041.88316
1752753600000,117995.0,119073.46,117453.57,118881.99,3175.79483
1752768000000,118881.99,119880.13,118333.6,118959.66,2433.94045
1752782400000,118959.66,120998.71,118383.97,119177.56,3762.26221
1752796800000,119177.56,120785.49,119020.48,120223.09,2672.86935
1752811200000,120223.08,120820.71,119287.72,119339.51,3649.17934
1752825600000,119339.51,119469.21,118395.0,119171.34,3814.49483
1752840000000,119171.35,119531.48,117315.69,117860.25,5020.77844
1752854400000,117860.24,118054.92,117120.53,117374.76,2564.58563
1752868800000,117374.75,118021.62,116812.76,117924.84,2202.75507
1752883200000,117924.84,118371.42,117613.35,118322.54,1323.00452
1752897600000,118322.53,118364.0,118044.19,118163.06,828.72543
1752912000000,118163.07,118499.9,117943.25,118327.06,1123.42732
1752926400000,118327.05,118327.06,117627.71,118058.11,1656.6673
1752940800000,118058.1,118161.51,117605.26,118007.88,780.27633
1752955200000,118007.88,118141.0,117277.34,117840.0,923.70216
1752969600000,117840.01,118165.38,117650.0,117958.01,1216.03617
1752984000000,117958.0,118218.0,117760.67,118029.49,940.72723
1752998400000,118029.49,118277.17,117819.88,117878.46,1800.2823
1753012800000,117878.46,118799.8,117723.23,118671.11,3280.10469
1753027200000,118671.12,118856.8,117960.0,118155.01,2119.12806
1753041600000,118155.0,118263.0,116467.02,117265.12,3606.65044
1753056000000,117265.11,118614.7,116515.0,118404.0,2794.62163
1753070400000,118404.01,119676.73,118188.95,119362.67,2783.66639
1753084800000,119364.18,119500.0,118070.16,118070.17,2511.88984
1753099200000,118070.17,119233.71,117778.7,118313.16,3505.38294
1753113600000,118313.16,118399.1,116666.0,116767.67,3816.98929
1753128000000,116767.67,117633.66,116656.88,117380.36,1694.78119
1753142400000,117380.36,117950.0,116128.0,117210.0,3707.46413
1753156800000,117210.0,118594.55,116552.18,117983.68,4279.84175
1753171200000,117983.69,119188.3,117488.19,119154.99,3376.79135
1753185600000,119154.99,119573.53,117550.0,118912.04,4597.23931
1753200000000,118912.04,120183.96,118368.19,119282.1,3067.62854
1753214400000,119282.11,120247.8,119203.2,119954.42,1930.16465
1753228800000,119954.43,120090.0,118532.96,118614.17,2068.11927
1753243200000,118614.16,119006.05,118288.2,118350.35,1564.23355
1753257600000,118350.35,118619.79,117844.24,118538.46,1801.10341
1753272000000,118538.46,118708.24,117301.0,118567.39,4037.18842
1753286400000,118567.39,118567.39,117331.63,118393.64,2651.82367
1753300800000,118393.64,118756.0,117381.8,118755.99,2436.28251
1753315200000,118756.0,119273.36,118466.71,118488.92,1878.28334
1753329600000,118488.92,118610.25,117103.1,118416.21,3786.93245
1753344000000,118416.21,118814.47,117955.59,118600.0,2404.15809
1753358400000,118600.0,119450.0,117832.32,119092.65,4139.29216
1753372800000,119092.65,119395.81,118350.0,118943.42,2166.82662
1753387200000,118943.42,119010.64,118166.94,118340.99,1431.39777
1753401600000,118340.98,118451.57,115330.86,115419.66,11127.20493
1753416000000,115419.65,116144.63,114723.16,115320.01,8835.25163
1753430400000,115320.01,116782.13,115008.85,116543.58,7216.21136
1753444800000,116543.59,116656.99,114908.0,115727.08,6361.79335
1753459200000,115727.07,116997.21,115455.46,116688.6,3089.40882
1753473600000,116688.6,117630.0,116578.02,117614.31,1776.47864
1753488000000,117614.31,117750.0,117138.38,117489.62,1222.24277
1753502400000,117489.61,117547.92,117304.46,117304.47,1006.48005
1753516800000,117304.47,118217.45,117304.46,117776.11,1549.30958
1753531200000,117776.1,118220.0,117772.13,118130.1,1303.59734
1753545600000,118130.1,118297.35,117941.96,118232.11,1051.39337
1753560000000,118232.11,118276.66,117883.86,117919.99,858.64895
1753574400000,117919.99,118358.18,117825.5,118182.83,1007.50696
1753588800000,118182.83,118438.83,118066.74,118095.95,808.21213
1753603200000,118095.95,118292.86,117859.98,118072.71,835.9696
1753617600000,118072.71,118588.0,117890.0,118585.74,1586.05165
1753632000000,118585.75,119540.01,118585.75,118960.0,3418.37234
1753646400000,118960.01,119766.65,118713.74,119415.55,1672.19651
1753660800000,119415.56,119800.0,118960.5,119287.99,1824.53168
1753675200000,119287.99,119701.07,118774.31,118900.0,2360.0622
1753689600000,118900.01,119102.69,118475.47,118827.49,2060.1822
1753704000000,118827.49,119093.68,117895.73,118174.9,3792.61028
1753718400000,118174.89,118376.61,117427.5,118068.73,2575.55527
1753732800000,118068.73,118350.01,117500.09,118062.32,1348.80591
1753747200000,118062.32,118800.0,117450.0,118764.85,2242.87768
1753761600000,118764.85,119273.36,118416.66,118882.37,2579.99271
1753776000000,118882.37,119051.0,118160.87,118592.38,1962.95351
1753790400000,118592.38,119080.81,117272.0,117400.01,4173.95638
1753804800000,117400.02,118057.05,116950.75,117525.29,2441.06334
1753819200000,117525.28,118000.0,117094.96,117950.76,1737.09083
1753833600000,117950.75,118250.0,117412.53,118161.87,1226.38506
1753848000000,118161.86,118412.11,117667.33,118123.01,1232.08963
1753862400000,118123.0,118481.81,117358.84,117579.99,2228.01795
1753876800000,117579.99,118792.0,117358.84,118000.01,3794.91612
1753891200000,118000.01,118037.18,115796.23,116916.73,5721.15052
1753905600000,116916.73,117908.4,116880.64,117840.3,1384.17703
1753920000000,117840.29,118600.0,117781.87,118466.14,2307.57332
1753934400000,118466.15,118922.45,118287.63,118665.97,1907.96734
1753948800000,118665.98,118770.07,118278.91,118371.25,1290.20631
1753963200000,118371.25,118702.1,117807.35,118306.18,3457.28095
1753977600000,118306.18,118879.14,116763.43,116785.79,4228.22018
1753992000000,116785.78,116990.04,115500.0,115764.08,3818.7592
1754006400000,115764.07,116052.0,114313.13,115648.03,5440.32571
1754020800000,115648.03,115916.43,114633.18,115081.77,2952.50734
1754035200000,115081.76,115340.0,114116.0,115305.65,3338.52917
1754049600000,115305.64,116019.3,113988.47,115357.82,5325.96286
1754064000000,115357.82,115695.52,113221.93,113328.68,4135.47502
1754078400000,113328.67,114094.08,112722.58,113297.93,3294.30196
1754092800000,113297.92,113921.94,113198.63,113909.86,1422.97261
1754107200000,113909.87,114063.49,113469.43,113982.49,1674.39001
1754121600000,113982.49,114040.29,113425.58,113787.12,1135.36227
1754136000000,113787.11,113787.12,112802.31,112840.71,1922.72871
1754150400000,112840.7,113420.0,112003.0,112229.42,3414.70659
1754164800000,112229.42,113058.82,112069.86,112546.35,1937.17409
1754179200000,112546.35,113740.69,111920.0,113604.2,2106.5441
1754193600000,113604.2,113720.16,113341.06,113700.0,764.27697
1754208000000,113700.0,114260.31,113551.0,113862.18,1260.20877
1754222400000,113862.19,114098.45,113579.69,113959.06,1131.56686
1754236800000,113959.06,114799.97,113775.55,114313.19,1254.96509
1754251200000,114313.19,114612.24,114066.56,114208.8,880.19867
1754265600000,114208.81,115000.0,114107.6,114570.61,1525.00586
1754280000000,114570.61,114778.5,114148.58,114652.97,1221.27307
1754294400000,114652.98,114750.0,114217.97,114493.09,1188.64494
1754308800000,114493.09,115466.0,114121.0,114826.0,2885.46126
1754323200000,114826.01,115720.0,114732.65,114777.62,1843.11618
1754337600000,114777.62,115340.0,114616.33,115055.03,1004.17785
1754352000000,115055.03,115127.81,114256.85,114256.85,1398.92395
1754366400000,114256.85,114500.66,113725.72,113969.7,2125.54323
1754380800000,113969.7,115096.73,113928.87,114827.07,1593.56232
1754395200000,114827.07,114893.13,112650.0,112934.0,4590.4684
1754409600000,112934.0,113763.27,112815.68,113616.52,1434.52074
1754424000000,113616.51,114228.88,113304.0,114129.75,899.77214
1754438400000,114129.75,114139.38,113400.0,113509.97,1061.53764
1754452800000,113509.98,114417.02,113355.13,114227.91,1437.03071
1754467200000,114227.9,114404.23,113727.57,114226.69,1280.29764
1754481600000,114226.68,115515.09,113579.9,115413.87,3509.68013
1754496000000,115413.87,115716.0,114942.18,115259.99,1727.95909
1754510400000,115260.0,115260.0,114793.01,114992.27,744.64797
1754524800000,114992.27,115185.58,114404.22,114546.03,1192.91433
1754539200000,114546.03,114876.79,114259.0,114787.99,1290.96115
1754553600000,114787.99,116828.93,114787.98,116519.53,3698.10885
1754568000000,116519.54,116791.11,116035.84,116689.81,2746.73177
1754582400000,116689.8,117520.0,115632.31,117461.98,2735.62556
1754596800000,117461.99,117621.0,117012.0,117472.01,1804.22097
1754611200000,117472.02,117630.0,116694.28,116737.35,2393.91974
1754625600000,116737.34,116973.3,116401.0,116817.19,1456.27491
1754640000000,116817.2,116914.6,116317.08,116891.51,1108.98011
1754654400000,116891.51,117271.73,115878.71,116207.69,2540.81848
1754668800000,116207.7,116900.0,116006.14,116453.41,1690.79713
1754683200000,116453.41,116980.0,116319.06,116674.74,854.52241
1754697600000,116674.74,116750.0,116299.13,116384.01,971.89236
1754712000000,116384.01,116980.0,116339.45,116756.01,2021.01259
1754726400000,116756.0,117944.05,116756.0,117110.0,2353.3714
1754740800000,117110.0,117238.04,116700.01,116892.47,1382.66437
1754755200000,116892.48,116947.16,116500.0,116535.69,1202.78039
1754769600000,116535.68,117021.16,116359.89,116462.25,1582.41033
1754784000000,116462.25,118500.0,116460.63,118500.0,3892.68324
1754798400000,118500.0,118741.77,117466.34,117808.3,2444.0838
1754812800000,117808.29,118500.0,117608.01,118330.58,1506.32503
1754827200000,118330.58,119113.94,118232.0,118815.0,2809.2276
1754841600000,118815.0,118944.24,118433.8,118663.08,995.85812
1754856000000,118663.09,119311.11,118074.99,119294.01,2674.59294
1754870400000,119294.27,122164.07,118972.59,121728.99,7626.19257
1754884800000,121729.0,122335.16,121466.08,121537.15,4279.8879
1754899200000,121537.14,121823.0,120286.4,120561.54,4216.26732
1754913600000,120561.53,120667.54,119382.91,120314.4,5236.26223
1754928000000,120314.4,120794.05,118604.17,119089.3,2812.92272
1754942400000,119089.3,119172.63,118050.11,118686.0,2322.80155
1754956800000,118686.0,119275.46,118593.39,118857.7,1894.63528
1754971200000,118857.7,119158.06,118424.86,118986.72,3135.38397
1754985600000,118986.73,119058.43,118207.47,118522.22,2346.379
1755000000000,118522.22,119960.0,118285.0,119933.0,4914.05441
1755014400000,119933.0,120192.1,119172.62,119665.27,2309.07117
1755028800000,119665.27,120324.43,119485.84,120134.08,2120.5851
1755043200000,120134.09,120192.1,119094.28,119482.01,2361.00135
1755057600000,119482.01,119820.18,118920.92,119580.4,2324.10298
1755072000000,119580.4,120732.94,119446.22,120570.41,3213.18528
1755086400000,120570.41,122200.0,120106.02,120920.62,7228.67197
1755100800000,120920.61,122839.47,120920.61,122744.21,4167.90157
1755115200000,122744.22,123667.79,122298.2,123306.43,3915.20787
1755129600000,123306.44,124474.0,123250.5,123337.14,3481.676316
1755144000000,123337.14,123428.6,121313.86,121725.31,3755.65744
1755158400000,121725.31,122045.9,120694.0,120949.67,3456.28874
1755172800000,120949.66,121183.06,117632.0,118257.25,11617.06761
1755187200000,118257.26,118535.0,117180.0,117945.92,3545.40524
1755201600000,117945.92,118516.81,117302.33,118295.09,2124.85224
1755216000000,118295.09,119077.71,118032.32,118968.91,1883.55436
1755230400000,118968.91,119216.82,118629.58,118956.45,1732.90691
1755244800000,118956.45,119144.5,118600.0,119006.01,1129.82607
1755259200000,119006.01,119130.77,116827.29,117275.22,5128.8936
1755273600000,117275.23,117882.35,116803.99,116936.27,2393.46089
1755288000000,116936.28,117761.88,116862.5,117342.05,1354.69691
1755302400000,117342.04,117898.99,117231.14,117429.63,1420.5255
1755316800000,117429.63,117884.0,117278.0,117596.07,925.25596
1755331200000,117596.07,117703.92,117143.98,117378.52,1206.0413
1755345600000,117378.52,117825.0,117327.63,117676.7,1191.50027
1755360000000,117676.7,117817.65,117629.94,117672.12,817.42683
1755374400000,117672.13,117713.51,117219.34,117380.66,832.93131
1755388800000,117380.66,117771.37,117172.21,117684.95,770.53091
1755403200000,117684.96,118230.82,117684.95,118005.98,1109.68335
1755417600000,118005.98,118484.0,117922.0,118308.01,1007.67549
1755432000000,118308.0,118575.0,118059.12,118246.16,974.27271
1755446400000,118246.15,118316.01,117321.53,117570.07,1326.17558
1755460800000,117570.07,117995.37,117371.65,117405.01,710.30388
1755475200000,117405.01,117543.75,115000.0,115319.0,5801.42298
1755489600000,115319.0,115712.49,114878.71,115205.98,3433.42415
1755504000000,115205.99,115402.51,114640.14,114947.27,2793.98984
1755518400000,114947.27,116186.97,114825.0,116145.34,2772.17945
1755532800000,116145.34,116800.0,115818.86,116313.99,1731.37273
1755547200000,116314.0,116980.0,115980.32,116227.05,1213.55039
1755561600000,116227.05,116725.69,114787.23,114810.0,2390.89748
1755576000000,114810.01,115483.24,114366.0,114978.14,2499.12321
1755590400000,114978.15,115650.0,114804.0,115508.71,1471.04277
1755604800000,115508.71,115875.84,113587.68,113786.38,5294.46316
1755619200000,113786.39,113897.58,112767.06,113132.48,3784.35052
1755633600000,113132.49,113589.48,112732.58,112872.94,2625.5971
1755648000000,112872.95,113636.13,112566.01,113525.91,3116.70576
1755662400000,113525.9,113837.93,113432.0,113490.13,1367.41482
1755676800000,113490.14,114016.77,113060.08,113666.68,2352.50644
1755691200000,113666.69,114326.35,112380.0,113353.94,4605.43198
1755705600000,113353.94,114444.0,113264.01,114276.66,2624.00614
1755720000000,114276.66,114615.38,114000.0,114271.24,1570.2768
1755734400000,114271.23,114821.76,113906.01,113954.62,1626.72781
1755748800000,113954.62,114033.84,113582.43,113896.03,1612.36321
1755763200000,113896.03,113990.0,113000.0,113148.66,1509.65106
1755777600000,113148.65,113995.11,112608.64,112792.08,2521.11028
1755792000000,112792.08,112969.47,112015.67,112193.71,2468.80417
1755806400000,112193.71,112870.94,112067.46,112500.0,1101.03582
1755820800000,112500.0,113525.0,112335.6,112929.24,1610.19525
1755835200000,112929.24,113394.76,112708.81,113094.83,1656.2572
1755849600000,113094.83,113319.3,112177.27,112320.0,1932.43574
1755864000000,112320.01,117296.12,111684.79,116370.75,11505.26127
1755878400000,116370.75,117429.05,116116.0,116655.79,4307.94644
1755892800000,116655.79,117174.43,116550.96,116935.99,2115.99447
1755907200000,116936.0,117030.0,115458.2,115568.77,2647.58419
1755921600000,115568.77,116034.53,115551.2,115799.47,2258.18362
1755936000000,115799.46,115861.8,115223.43,115310.13,1313.89391
1755950400000,115310.13,115486.97,114560.0,114812.87,3027.56166
1755964800000,114812.88,115190.74,114684.11,115133.91,1105.55067
1755979200000,115133.92,115454.12,115001.88,115438.05,976.58792
1755993600000,115438.06,115666.68,114934.21,115036.0,1995.92433
1756008000000,115036.01,115283.21,114846.14,114888.19,1715.6873
1756022400000,114888.19,115060.99,114600.0,114730.22,2223.47925
1756036800000,114730.22,114869.41,114350.57,114400.0,2662.01905
1756051200000,114400.01,114917.1,110680.0,112600.0,8322.01988
1756065600000,112600.0,113692.97,111632.85,113493.59,4256.85481
1756080000000,113493.59,113667.28,112159.0,112916.84,2384.9729
1756094400000,112916.84,113059.52,111284.05,111511.55,4054.02521
1756108800000,111511.56,111850.13,110929.48,111214.97,4028.25788
1756123200000,111214.97,112580.0,110588.0,112200.64,4593.3206
1756137600000,112200.65,112937.26,110655.01,110716.13,3109.40411
1756152000000,110716.13,111092.54,109274.1,110111.98,7012.81309
1756166400000,110111.98,110111.98,108666.66,109879.56,4155.39206
1756180800000,109879.57,110547.31,109765.93,110303.2,1910.05232
1756195200000,110303.2,110455.13,109570.34,109876.52,1852.10166
1756209600000,109876.53,110818.6,109393.93,109666.33,4559.68511
1756224000000,109666.34,111162.59,109450.0,111116.03,3548.51055
1756238400000,111116.03,112371.0,110918.26,111763.22,2426.69707
1756252800000,111763.22,111825.16,110918.26,111418.15,2172.27313
1756267200000,111418.15,111737.26,110622.5,110725.18,1809.80294
1756281600000,110725.19,111374.45,110345.42,111322.07,1594.26753
1756296000000,111322.07,112625.0,111019.02,112000.0,3310.1006
1756310400000,111999.99,112600.0,111541.23,112080.69,1902.42552
1756324800000,112080.68,112452.05,110921.79,111262.01,2603.73903
1756339200000,111262.01,112042.04,110862.42,112000.01,1203.77782
1756353600000,112000.0,113360.0,111945.07,113114.11,2481.91862
1756368000000,113114.11,113351.51,112826.22,112909.18,1419.04336
1756382400000,112909.18,113485.9,112391.56,112678.53,3088.9335
1756396800000,112678.53,113186.56,111901.35,111901.36,1813.29699
1756411200000,111901.36,112575.98,111872.06,112566.9,1097.30715
1756425600000,112566.9,112638.64,111302.27,111704.23,2123.00621
1756440000000,111704.24,111850.56,109899.99,110019.38,4260.9718
1756454400000,110019.38,110270.3,109414.18,110098.81,2848.31026
1756468800000,110098.81,111517.07,108103.0,108386.23,7729.2804
1756483200000,108386.23,108832.0,107934.24,108212.01,2605.64538
1756497600000,108212.01,108549.99,107463.9,108377.4,3013.0964
1756512000000,108377.4,108436.21,107350.1,108436.2,3244.13736
1756526400000,108436.21,108697.28,108120.0,108524.26,3052.32523
1756540800000,108524.26,108777.43,108400.0,108680.01,1416.9539
1756555200000,108680.01,108926.15,108190.52,108869.98,1540.53972
1756569600000,108869.98,108900.0,108625.46,108828.33,677.58629
1756584000000,108828.32,108838.27,108468.77,108816.33,776.84909
1756598400000,108816.33,109480.02,108801.35,109223.84,1756.83146
1756612800000,109223.84,109231.41,108523.49,108708.26,1177.25929
1756627200000,108708.25,109100.0,108303.21,108389.76,1590.89462
1756641600000,108389.77,108858.43,108191.29,108818.69,2441.88905
1756656000000,108818.69,109237.51,108555.0,108930.0,1232.50315
1756670400000,108930.0,109230.0,108076.93,108246.35,1290.13839
1756684800000,108246.36,108482.98,107393.0,107660.01,3206.34097
1756699200000,107660.0,109432.99,107255.0,109432.99,2904.1728
1756713600000,109432.99,109912.4,108186.41,108782.88,3111.29125
1756728000000,108782.89,109520.0,108566.0,108784.33,2266.34513
1756742400000,108784.33,109329.65,108391.3,109217.64,1553.15049
1756756800000,109217.65,109442.95,107459.49,109237.42,3012.30155
1756771200000,109237.43,110623.97,108883.8,110322.18,3166.02008
1756785600000,110322.19,110610.5,110000.0,110233.92,1952.71608
1756800000000,110233.91,110711.1,109563.87,109733.34,2462.01591
1756814400000,109733.33,111771.52,108393.39,110829.17,6768.89317
1756828800000,110829.16,111119.58,110200.0,110806.0,2585.23037
1756843200000,110806.01,111538.17,110716.77,111240.01,1575.41195
1756857600000,111240.01,111782.21,110892.14,111054.01,2263.61693
1756872000000,111054.0,111151.99,110528.71,111099.88,1539.69973
1756886400000,111099.87,111708.0,110889.29,111437.77,1514.83708
1756900800000,111437.77,112500.0,111031.61,112222.74,3550.00487
1756915200000,112222.73,112575.27,111686.24,112193.74,1957.30873
1756929600000,112193.74,112250.0,111613.98,111705.71,948.2535
1756944000000,111705.72,112180.0,111136.0,111148.97,1484.75903
1756958400000,111148.97,111318.84,110279.68,110463.36,2293.72804
1756972800000,110463.36,111154.93,110415.72,110810.0,1251.00126
1756987200000,110810.0,111123.99,109329.12,109510.31,3057.95062
1757001600000,109510.32,110218.39,109363.26,109799.99,2124.63495
1757016000000,109800.0,111765.31,109755.59,110730.87,1991.06146
1757030400000,110730.87,111482.09,110435.75,111311.77,1665.5758
1757044800000,111311.78,112999.0,111144.51,112954.32,3481.17531
1757059200000,112954.32,112985.0,112131.02,112354.0,1956.82884
1757073600000,112354.0,113384.62,110286.91,110716.82,9805.88987
1757088000000,110716.82,111627.51,110206.96,111614.54,2167.09419
1757102400000,111614.54,111700.0,110375.6,110659.99,2510.84487
1757116800000,110660.0,111307.7,110552.56,111082.22,800.18218
1757131200000,111082.23,111082.23,110687.69,110825.6,687.98406
1757145600000,110825.59,110968.0,110675.58,110781.02,621.90211
1757160000000,110781.03,110999.83,110358.11,110384.15,886.00942
1757174400000,110384.16,110402.0,109977.0,110038.41,1391.66059
1757188800000,110038.42,110282.82,110034.44,110187.97,612.56061
1757203200000,110187.98,110733.12,110180.0,110629.15,948.63792
1757217600000,110629.15,110911.42,110463.1,110753.42,872.74711
1757232000000,110753.41,111377.19,110720.01,111292.13,1214.41306
1757246400000,111292.12,111412.0,111042.6,111329.99,837.52385
1757260800000,111329.99,111371.35,110861.2,111259.99,940.48526
1757275200000,111259.99,111600.0,111001.45,111137.34,867.49224
1757289600000,111137.35,111372.0,110621.78,111052.11,1701.47085
1757304000000,111052.11,111609.04,110899.69,111280.39,1330.12513
1757318400000,111280.4,112186.98,111252.9,112052.43,2723.68786
1757332800000,112052.43,112924.37,111877.64,112631.75,3018.22348
1757347200000,112631.74,112670.06,111978.67,112097.31,1681.81458
1757361600000,112097.31,112512.71,111896.0,112065.23,1127.08021
1757376000000,112065.23,112104.41,111111.0,111708.0,2091.77038
1757390400000,111708.01,113293.29,111624.12,112991.11,2906.5944
1757404800000,112991.11,113176.51,112403.91,112433.59,1848.92022
1757419200000,112433.59,112950.0,110766.66,110880.76,4662.13241
1757433600000,110880.76,111388.04,110788.0,111301.53,2121.49527
1757448000000,111301.53,111745.69,111090.07,111546.39,1748.3698
1757462400000,111546.38,111586.26,110917.45,111545.88,1667.04272
1757476800000,111545.88,112602.35,111372.42,112553.65,2477.2586
1757491200000,112553.65,112859.8,112097.2,112299.99,2579.59736
1757505600000,112300.0,114313.13,112299.99,113853.99,6630.72074
1757520000000,113853.99,114074.46,113155.03,113574.52,2628.46871
1757534400000,113574.53,114025.78,113528.01,113960.0,1534.3301
1757548800000,113960.0,114434.23,113669.82,114400.01,1596.62879
1757563200000,114400.01,114459.65,113957.2,114083.58,1954.14285
1757577600000,114083.58,114200.0,113776.0,113999.99,1512.60333
1757592000000,113999.99,114715.02,113430.0,114180.31,5143.69337
1757606400000,114180.32,114605.54,114102.0,114419.99,1437.71411
1757620800000,114420.0,115488.09,114246.04,115482.69,2031.94874
1757635200000,115482.69,116331.81,115045.45,115194.14,3703.00155
1757649600000,115194.14,115656.87,115086.7,115086.7,1630.41759
1757664000000,115086.7,115273.12,114888.01,114913.45,1958.78975
1757678400000,114913.45,115500.95,114740.99,115121.18,2042.13901
1757692800000,115121.18,116665.63,115030.3,116632.51,3863.84437
1757707200000,116632.51,116632.51,115752.68,116029.42,2125.91492
1757721600000,116029.41,116298.78,115576.26,115957.0,2254.31226
1757736000000,115957.0,115957.01,115657.81,115778.71,1062.2047
1757750400000,115778.72,116166.71,115767.33,115974.11,1228.90503
1757764800000,115974.11,116060.0,115603.98,115768.68,1373.33567
1757779200000,115768.68,115817.37,115127.27,115797.12,1589.96184
1757793600000,115797.12,115991.29,115797.11,115918.29,760.68444
1757808000000,115918.29,116109.0,115651.99,115679.98,879.64203
1757822400000,115679.99,115936.0,115449.59,115805.39,914.78349
1757836800000,115805.39,116165.19,115748.78,115794.91,840.40714
1757851200000,115794.92,115878.49,115141.8,115224.01,2036.51269
1757865600000,115224.01,115657.5,115193.9,115634.99,869.12927
1757880000000,115634.99,116087.35,115135.0,115268.01,1167.12735
1757894400000,115268.01,115594.9,114825.0,115445.45,1291.49944
1757908800000,115445.46,116757.99,115400.0,115806.62,2645.45158
1757923200000,115806.62,115806.62,114625.87,115070.0,3497.27876
1757937600000,115070.01,115099.0,114384.0,114842.9,2995.41636
1757952000000,114842.9,115570.0,114600.0,115307.78,1872.69025
1757966400000,115307.78,115605.07,115200.07,115349.71,910.1751
1757980800000,115349.71,115520.0,114945.01,115307.25,864.47636
1757995200000,115307.26,116009.62,114930.0,115840.0,1899.99942
1758009600000,115839.99,115981.17,115206.15,115287.83,1345.53241
1758024000000,115287.84,115905.89,114737.11,115905.88,2622.65829
1758038400000,115905.88,116870.76,115608.28,116800.12,2955.38019
1758052800000,116800.13,116964.27,116584.45,116788.96,1238.86273
1758067200000,116788.96,117077.16,116371.81,116372.04,1657.75299
1758081600000,116372.05,117286.73,116160.22,117162.48,2485.03317
1758096000000,117162.48,117189.86,116253.27,116258.13,1655.0881
1758110400000,116258.12,116516.93,115432.0,115875.32,2848.33061
1758124800000,115875.33,116333.33,114720.81,115652.02,5738.81221
1758139200000,115652.02,116990.68,115307.33,116447.59,2369.22832
1758153600000,116447.6,117896.0,116092.76,117581.66,3081.68078
1758168000000,117581.67,117750.0,116888.02,117086.01,1789.62789
1758182400000,117086.01,117413.04,117010.59,117063.4,1165.75229
1758196800000,117063.41,117843.83,116977.59,117583.56,2416.33194
1758211200000,117583.56,117900.0,117196.33,117450.21,1828.6235
1758225600000,117450.21,117657.17,116612.03,117073.53,1375.21725
1758240000000,117073.53,117459.99,116871.61,116977.58,1326.38784
1758254400000,116977.58,117100.0,116633.86,116909.97,1538.09106
1758268800000,116909.98,117090.36,116300.0,116394.72,1243.82831
1758283200000,116394.72,116529.08,115464.19,115884.03,2657.87565
1758297600000,115884.03,116136.0,115112.58,115125.12,1413.65495
1758312000000,115125.13,115657.28,115100.0,115632.38,812.25284
1758326400000,115632.39,115730.41,115408.47,115445.0,717.06298
1758340800000,115445.0,115985.2,115409.08,115968.56,759.46126
1758355200000,115968.56,115968.57,115664.11,115894.06,793.04586
1758369600000,115894.05,116121.81,115804.47,115986.69,836.91424
1758384000000,115986.7,116079.46,115698.08,115702.0,898.20806
1758398400000,115702.0,115944.7,115603.42,115685.63,670.23512
1758412800000,115685.63,115732.94,115441.83,115669.41,919.05922
1758427200000,115669.42,115815.98,115487.56,115815.97,806.9398
1758441600000,115815.98,115819.06,115329.03,115603.45,786.85295
1758456000000,115603.45,115747.23,115473.19,115531.61,671.3204
1758470400000,115531.62,115665.52,115209.02,115480.05,781.11646
1758484800000,115480.05,115545.43,115188.0,115232.29,546.23336
1758499200000,115232.29,115379.25,114150.0,114649.89,3078.59053
1758513600000,114649.89,114649.9,111800.0,112519.99,7290.80289
1758528000000,112520.0,112976.02,112173.52,112876.97,3052.23045
1758542400000,112876.97,113432.76,112380.0,112815.5,3313.50245
1758556800000,112815.5,112888.0,111936.4,112122.9,2731.51753
1758571200000,112122.9,112977.41,111975.28,112650.99,1315.06971
1758585600000,112650.99,112833.09,111478.0,112339.99,2398.09582
1758600000000,112339.99,113114.01,111876.15,113090.13,2504.81638
1758614400000,113090.13,113281.5,112683.33,112975.99,1814.57634
1758628800000,112975.99,113290.5,112496.61,112882.19,1948.83266
1758643200000,112882.2,112958.58,111540.2,111655.29,2394.18192
1758657600000,111655.29,112220.54,111458.73,111998.8,1240.81718
1758672000000,111998.8,112500.0,111683.09,111683.09,2848.03309
1758686400000,111683.1,112779.37,111042.66,112583.54,2905.68984
1758700800000,112583.54,113162.17,112405.62,113029.46,1567.72874
1758715200000,113029.45,113890.0,112808.0,113346.41,2535.05067
1758729600000,113346.4,113940.0,113163.21,113420.01,1318.69585
1758744000000,113420.0,113647.58,113204.71,113307.0,1194.06148
1758758400000,113307.01,113510.23,112214.74,112546.21,3049.61418
1758772800000,112546.22,112614.43,111450.42,111766.72,2930.2095
1758787200000,111766.73,112246.46,111283.63,111348.0,2287.76235
1758801600000,111347.99,111729.52,110629.99,111580.77,4734.75828
1758816000000,111580.77,111672.58,108631.51,109360.0,6129.42446
1758830400000,109360.0,109685.72,108765.0,108994.49,2099.3808
1758844800000,108994.49,109798.84,108809.24,109580.01,2323.19574
1758859200000,109580.0,109625.94,108913.0,109320.02,3055.89804
1758873600000,109320.02,109690.98,108620.07,109133.5,2675.46214
1758888000000,109133.5,109779.73,108764.76,109027.78,3241.9244
1758902400000,109027.79,110300.0,109027.78,109172.2,2093.42859
1758916800000,109172.21,109687.69,109087.57,109643.46,853.107
1758931200000,109643.46,109743.91,109324.42,109553.77,1041.65919
1758945600000,109553.77,109742.27,109332.02,109411.2,908.84116
1758960000000,109411.19,109477.69,109064.4,109310.21,1356.29029
1758974400000,109310.22,109477.59,109193.0,109402.24,1151.38343
1758988800000,109402.25,109440.0,109243.89,109424.2,590.81859
1759003200000,109424.21,109699.98,109362.72,109635.85,452.79377
1759017600000,109635.85,109787.75,109325.05,109436.0,822.14827
1759032000000,109436.0,109537.8,109260.0,109513.06,569.05076
1759046400000,109513.06,109585.39,109250.0,109369.02,862.93461
1759060800000,109369.02,110037.93,109189.99,110037.93,1349.20291
1759075200000,110037.92,110393.63,110008.54,110337.6,1215.77694
1759089600000,110337.61,112350.0,110294.78,112163.95,2723.21811
1759104000000,112163.96,112310.0,111588.07,111857.51,2297.47362
1759118400000,111857.51,111904.34,111560.65,111865.95,1831.36016
1759132800000,111865.96,112421.99,111865.95,112100.0,2126.24195
1759147200000,112100.0,114231.56,111901.26,113815.57,5064.79852
1759161600000,113815.57,114390.93,113449.74,114265.55,2716.40525
1759176000000,114265.56,114400.0,114020.0,114311.96,1504.84055
1759190400000,114311.97,114792.0,114040.35,114376.39,2494.38118
1759204800000,114376.39,114376.4,113585.0,113699.23,2326.82117
1759219200000,113699.24,113741.37,112656.27,113055.01,2869.29172
1759233600000,113055.0,113677.23,112866.11,113106.16,2840.28661
1759248000000,113106.15,114563.46,112800.0,114359.99,2535.88761
1759262400000,114359.99,114754.87,113765.42,114048.93,1977.48804
1759276800000,114048.94,114551.76,113966.67,114176.92,2042.57116
1759291200000,114176.93,114740.0,114151.0,114539.02,1996.43364
1759305600000,114539.02,116795.85,114484.43,116789.58,5217.93036
1759320000000,116789.57,117649.99,116363.38,117423.73,4518.346
1759334400000,117423.73,118199.0,116724.56,117439.53,3814.32316
1759348800000,117439.53,118649.1,117163.25,118594.99,2446.79084
1759363200000,118594.99,119456.92,118368.05,118733.99,4187.34775
1759377600000,118733.99,118930.29,118279.31,118489.76,1772.36438
1759392000000,118489.76,118926.49,118354.61,118765.73,1460.00845
1759406400000,118765.72,119910.79,118516.39,119910.78,5099.16626
1759420800000,119910.78,121022.07,119359.63,120836.49,4869.11141
1759435200000,120836.49,120914.0,120072.46,120529.35,2282.83678
1759449600000,120529.35,120550.9,119820.0,120225.89,2268.65523
1759464000000,120225.88,120324.53,119610.59,119640.21,2293.91523
1759478400000,119640.22,120515.89,119248.3,120334.5,3467.40526
1759492800000,120334.51,122366.0,119881.24,122258.05,4929.42106
1759507200000,122258.04,123894.99,121466.25,122660.99,9447.66952
1759521600000,122661.0,122734.92,121999.33,122232.0,1529.2617
1759536000000,122232.21,122325.6,121684.97,122243.99,1730.5772
1759550400000,122243.99,122800.0,122219.3,122324.08,1516.17531
1759564800000,122324.08,122539.83,121962.81,121973.26,1268.73633
1759579200000,121973.26,122509.52,121698.88,121791.31,1464.05666
1759593600000,121791.31,121964.95,121510.0,121959.25,1443.23464
1759608000000,121959.25,122410.0,121871.01,122391.0,785.38664
1759622400000,122390.99,124362.28,122136.0,123776.22,4212.02615
1759636800000,123776.23,125708.42,123734.0,124713.63,7342.549203
1759651200000,124713.63,124838.37,122520.24,123464.64,4455.30964
1759665600000,123464.64,123464.65,122675.0,122803.17,2233.09004
1759680000000,122803.17,123464.0,122301.63,122591.79,2386.1605
1759694400000,122591.8,123548.83,122473.62,123482.31,1413.96202
1759708800000,123482.32,124358.46,123084.0,123839.09,3025.28443
1759723200000,123839.09,124165.56,123280.49,123390.47,2210.62835
1759737600000,123390.47,124531.66,123390.46,124215.0,2768.21181
1759752000000,124215.0,125408.29,124178.0,125000.0,4567.6948
1759766400000,125000.0,126199.63,124800.0,125410.81,4722.172353
1759780800000,125410.8,125534.0,124511.15,124658.54,2200.63705
1759795200000,124658.54,125082.27,124101.26,124329.74,1773.60979
1759809600000,124329.74,124654.47,123567.6,123667.99,2455.2259
1759824000000,123668.0,124509.6,123322.9,124453.38,2444.73415
1759838400000,124453.37,125126.0,121172.89,121846.01,7360.01455
1759852800000,121846.01,122084.14,120574.94,121637.17,5726.896
1759867200000,121637.18,122292.62,121258.08,121332.95,1873.51346
1759881600000,121332.96,122229.66,121200.0,121374.75,2406.76826
1759896000000,121374.76,121910.24,121066.14,121597.06,2670.85944
1759910400000,121597.05,123200.0,121524.01,122884.14,3408.74044
1759924800000,122884.14,123350.0,121649.68,122189.72,3373.3683
1759939200000,122189.72,124197.25,122110.08,123450.0,3795.53021
1759953600000,123450.01,123737.0,122794.4,123306.0,1357.35135
1759968000000,123306.01,123348.32,121475.98,122038.01,2319.17839
1759982400000,122038.01,122264.0,121724.71,121906.1,1451.1479
1759996800000,121906.09,122833.02,121145.49,122737.57,2689.44106
1760011200000,122737.56,123762.94,120673.99,121147.14,6566.062
1760025600000,121147.15,121481.9,119651.47,120951.72,6174.05969
1760040000000,120951.72,121900.0,120838.0,121662.4,2359.47103
1760054400000,121662.41,121874.13,120900.0,121026.01,2094.68145
1760068800000,121026.0,121754.34,120855.41,120932.05,2566.54979
1760083200000,120932.05,121777.07,120916.44,121554.55,1553.83694
1760097600000,121554.55,122550.0,118500.0,119018.98,7767.59253
1760112000000,119018.99,119456.28,115952.47,116661.5,8454.54427
1760126400000,116661.5,117214.64,102000.0,112774.5,41734.73429
1760140800000,112774.49,113322.39,111019.43,112300.01,11533.52669
1760155200000,112300.0,112991.16,110090.29,110384.61,7142.76272
1760169600000,110384.6,112359.67,110162.23,112280.0,5929.13992
1760184000000,112280.01,112500.0,111793.2,111793.2,3681.24351
1760198400000,111793.21,112185.53,110865.82,111178.31,3138.91159
1760212800000,111178.3,111368.29,109561.59,110644.4,4022.93209
1760227200000,110644.4,111368.14,109565.06,110676.0,4785.58424
1760241600000,110676.0,112125.51,110617.1,111525.2,2731.29761
1760256000000,111525.19,112133.33,111139.87,111848.36,2810.82095
1760270400000,111848.35,113745.84,111177.75,113198.2,9020.41664
1760284800000,113198.2,114700.0,113198.2,114342.28,6635.34892
1760299200000,114342.28,115770.0,114217.75,114958.8,6271.83436
1760313600000,114958.81,115963.81,114619.45,114821.12,4123.60858
1760328000000,114821.13,115554.83,114398.24,115399.67,3437.01313
1760342400000,115399.66,115438.17,113616.5,114180.0,4560.86246
1760356800000,114180.0,115530.0,113800.01,114312.1,5538.12887
1760371200000,114312.09,115891.3,114215.79,115792.84,3368.92301
1760385600000,115792.84,115868.0,115005.44,115166.0,1528.70428
1760400000000,115166.0,115378.0,115049.16,115310.47,259.81826
